handle,title,image,price,oldPrice,page
"psg-paris-saint-germain-maillot-foot-concept-bleu-2025-2026","PSG Paris Saint Germain maillot foot concept bleu 2025 2026","https://img.fantaskycdn.com/a58b16078391a072f06d76d76d9132d8.jpg",32.99,,1
"psg-paris-saint-germain-maillot-foot-fourth-2026-2027-noir","PSG Paris Saint Germain Maillot Foot Fourth 2026 2027 Noir","https://img.fantaskycdn.com/a41e6752964780b6ed4297339952a34a.jpg",32.99,,1
"paris-saint-germain-psg-maillot-foot-domicile-2025-2026","Paris Saint Germain PSG maillot foot domicile 2025 2026","https://img.fantaskycdn.com/f039221c3324cafdb1b626edbd747241.jpg",32.99,,1
"psg-paris-saint-germain-maillot-foot-2026-2027","PSG Paris Saint Germain maillot foot 2026 2027","https://img.fantaskycdn.com/a3239fd0261d17bd05b79426993a4b3a.jpg",32.99,,1
"paris-saint-germain-psg-maillot-foot-fourth-2025-2026","Paris Saint Germain PSG maillot foot fourth 2025 2026","https://img.fantaskycdn.com/b07ae9a592bc8824539dd817846d11b7.jpg",32.99,,1
"paris-saint-germain-psg-maillot-foot-concept-2025-2026","Paris Saint Germain PSG maillot foot concept 2025 2026","https://img.fantaskycdn.com/f6428e793ea2ec04bcf4918a6186fd47.jpg",32.99,,1
"paris-saint-germain-psg-maillot-foot-third-rouge-2025-2026","Paris Saint Germain PSG maillot foot third rouge 2025 2026","https://img.fantaskycdn.com/ec9b2d47e84d384d8d37da65b4dc2da9.jpg",32.99,,1
"paris-saint-germain-psg-maillot-foot-third-2025-2026-entrainement","Paris Saint Germain PSG  maillot foot third 2025 2026 Entraînement","https://img.fantaskycdn.com/b337f27c68b9a4c160aaf7a955125bbd.jpg",32.99,,1
"paris-saint-germain-psg-maillot-foot-etoile-2024-2025-domicile-ligue-des-champions","Paris Saint Germain PSG maillot foot étoile 2024 2025 domicile Ligue des Champions","https://img.fantaskycdn.com/e9f5eeee69f09f0c3d2c27580edebf48.jpeg",32.99,,1
"psg-paris-saint-germain-maillot-foot-exterieur-2025-2026","PSG Paris Saint Germain maillot foot extérieur 2025 2026","https://img.fantaskycdn.com/7428381c4b3a6b9033bec4e5110acc6b.jpg",32.99,,1
"psg-paris-saint-germain-maillot-foot-concept-2026-2027-rose","PSG Paris Saint Germain Maillot Foot Concept 2026 2027 Rose","https://img.fantaskycdn.com/2a44f3fa3417d7a73504a38834702aa3.jpg",32.99,,1
"paris-saint-germain-psg-maillot-foot-etoile-2024-2025-domicile-ligue-des-champions-mgtr","Paris Saint Germain PSG maillot foot étoile 2024 2025 domicile Ligue des Champions","https://img.fantaskycdn.com/3e1fc59617216e35555e9fd5d70c8e25.jpg",32.99,,1
"psg-paris-saint-germain-maillot-foot-concept-2025-2026-9dep","PSG Paris Saint Germain maillot foot concept 2025 2026","https://img.fantaskycdn.com/b83a7cfa71d0e81be1347c5eae863e88.jpg",32.99,,2
"kit-enfant-psg-paris-saint-germain-b9xn","Kit Enfant PSG Paris Saint Germain","https://img.fantaskycdn.com/54e5062c859e56aa8bcaed5effbfc61b.jpg",24.99,,2
"kit-enfant-psg-paris-saint-germain-2024-2025","Kit Enfant PSG Paris Saint Germain  2024 2025","https://img.fantaskycdn.com/845200732752ba4a68a7e4a204b106d6.jpg",24.99,,2
"paris-fc-maillot-foot-third-2024-2025-ninho-jefe-orange","Paris FC maillot foot third 2024 2025 Ninho Jefe Orange","https://img.fantaskycdn.com/cb63e9455050e88d441806f76855a305.jpg",32.99,,2
"paris-maillot-retro-2018-2020","Paris Maillot Retro 2018 2019","https://img.fantaskycdn.com/89a33aa4ceda91f769066e0499dbd88c.jpeg",35.99,,2
"paris-saint-germain-psg-maillot-foot-concept-2026-2027","Paris Saint Germain PSG maillot foot concept 2026 2027","https://img.fantaskycdn.com/d0a20e913991bdccf0657875b5590d1f.jpg",32.99,,2
"paris-saint-germain-psg-maillot-foot-2024-2025-third-rose","Paris Saint Germain PSG maillot foot 2024 2025 third rose","https://img.fantaskycdn.com/6025a73be5a40f53eade33e3f91a83f3.jpg",32.99,,2
"kit-enfant-psg-paris-saint-germain-fourth-2025-2026","Kit Enfant PSG Paris Saint Germain fourth 2025 2026","https://img.fantaskycdn.com/56c750a1e842d9de3849ccb24331e261.jpg",24.99,,2
"psg-paris-saint-germain-maillot-foot-noir-2025-2026","PSG Paris Saint Germain maillot foot noir 2025 2026","https://img.fantaskycdn.com/aa71aab8b1834f5f63986280894a0691.jpg",32.99,,2
"paris-saint-germain-maillot-foot-2001-2002-retro","Paris Saint Germain  maillot foot 2001 2002 retro","https://img.fantaskycdn.com/ecee1ecb036dab3d752e0457b964ddce.jpg",35.99,,2
"paris-saint-germain-psg-maillot-foot-concept-noir-2025-2026","Paris Saint Germain PSG maillot foot concept noir 2025 2026","https://img.fantaskycdn.com/fc3d81d5e268fed8cf7c65a639d6ece7.jpg",32.99,,2
"psg-paris-saint-germain-maillot-foot-concept-2025-2026-0r62","PSG Paris Saint Germain maillot foot concept 2025 2026","https://img.fantaskycdn.com/1c5e1962787bebc5b4593aa651c2a109.png",32.99,,2
"paris-saint-germain-psg-maillot-retro-2004-2005-5flb","Paris Saint Germain PSG Maillot Retro 2004 2005","https://img.fantaskycdn.com/89d4c7a7308dc1e9f7c0fd9ed2058d69.jpg",35.99,,3
"paris-maillot-2023-2024-domicile-1","Paris maillot foot third  2023 2024","https://img.fantaskycdn.com/a942eca819441ddebdc452dee02ff8f6.jpeg",32.99,,3
"kit-enfant-psg-paris-saint-germain-fourth-2025-2026-sk65","Kit Enfant PSG Paris Saint Germain fourth 2025 2026","https://img.fantaskycdn.com/5347cacf793cc19ea0af2c50b38df357.jpg",24.99,,3
"paris-maillot-retro-2017-2018","Paris Maillot retro 2017 2018","https://img.fantaskycdn.com/09a5dc766a1711b65f3c8ee51c6623d2.jpeg",32.99,,3
"short-de-football-paris-saint-germain-psg-2025-2026-jxf1","Short de Football  Paris Saint Germain PSG 2025 2026","https://img.fantaskycdn.com/0be3822f0d5272df74b2b78f76221d7a.jpg",14.99,,3
"short-de-football-paris-saint-germain-psg-2025-2026","Short de Football Paris Saint Germain PSG 2025 2026","https://img.fantaskycdn.com/c4223679d4327ed4bccbf80ca64f636b.jpg",14.99,,3
"short-de-football-psg-paris-saint-germain-2025-2026","Short de Football PSG Paris Saint Germain 2025 2026","https://img.fantaskycdn.com/566efde7936625e99f7cc0173d766b6f.jpg",14.99,,3
"paris-saint-germain-psg-maillot-retro-2004-2005","Paris Saint Germain PSG Maillot Retro 2004 2005","https://img.fantaskycdn.com/5bf4299c4c8b335d10c5563362d9e713.jpg",35.99,,3
"paris-maillot-retro-2018-2019","Paris Maillot Retro 2018 2019","https://img.fantaskycdn.com/673fc7c1b58bf45edc6139b8473a4c11.jpeg",35.99,,3
"paris-saint-germain-maillot-foot-2013-2014-retro","Paris Saint Germain  maillot foot 2013 2014 retro","https://img.fantaskycdn.com/5e35cdc638e6ac316ab534889513e596.jpg",35.99,,3
"paris-maillot-retro-2000","Paris maillot Retro 2000","https://img.fantaskycdn.com/8d537cc9873fdc6e783a9c443250629f.jpeg",35.99,,3
"paris-saint-germain-maillot-retro-2019-2020-psg","Paris Maillot Retro 2019 2020","https://img.fantaskycdn.com/71eb03b9912403126125f1582eba101e.jpeg",32.99,,3
"paris-saint-germain-psg-maillot-foot-entrainement-2025-2026","Paris Saint Germain PSG maillot foot entraînement 2025 2026","https://img.fantaskycdn.com/c91e28ee89d090aa7a88bd52bf0be619.jpg",32.99,,4
"paris-saint-germain-maillot-foot-1998-1999-retro","Paris Saint Germain  maillot foot 1998 1999 retro","https://img.fantaskycdn.com/26be69995e1a8a0c52c0a060dacaa2fc.jpg",35.99,,4
"paris-saint-germain-maillot-foot-1991-1992-retro","Paris Saint Germain  maillot foot 1991 1992 retro","https://img.fantaskycdn.com/3da9a9eec9b811dc26ecd91b266be510.jpg",35.99,,4
"psg-paris-saint-germain-maillot-foot-2025-2026-manches-longues","PSG Paris Saint Germain Maillot Foot 2025 2026 Manches Longues","https://img.fantaskycdn.com/9c4217d2e43c8bccd2b9556eb2b32b3a.jpg",38.99,,4
"paris-maillot-retro-2017-2019","Paris Maillot Retro 2017 2018","https://img.fantaskycdn.com/3c08a0a93276a5ef9afb9dd01916d243.jpeg",35.99,,4
"psg-paris-saint-germain-maillot-foot-concept-2025-2026-rioy","PSG Paris Saint Germain maillot foot concept 2025 2026","https://img.fantaskycdn.com/baf8556abb279b02d705c260fe75ff90.jpg",32.99,,4
"paris-maillot-retro-2019-2020","Paris Maillot Retro 2019 2020","https://img.fantaskycdn.com/2b0a21d20b8d87f480d8b783fece7810.jpeg",35.99,,4
"paris-maillot-2018-2019-manches-longues-retro","Paris maillot 2018 2019 manches longues retro","https://img.fantaskycdn.com/e0596f9708c09f0e4bd7a5b6e162b744.jpeg",37.99,,4
"paris-maillot-foot-retro-1994-1995","Paris maillot foot Retro  1994 1995","https://img.fantaskycdn.com/64f531837dde6b3b7ab30bc74b084bea.jpeg",35.99,,4
"paris-maillot-2017-2018-manches-longues-retro","Paris maillot 2017 2018 manches longues retro","https://img.fantaskycdn.com/66e5f80a3ea33e2a378c41dbfe008ec9.jpeg",37.99,,4
"paris-maillot-foot-retro-2013-2014","Paris maillot foot Retro 2013 2014","https://img.fantaskycdn.com/18c77ebd6a1510403720ae2c1cef499d.jpeg",35.99,,4
"short-de-football-paris-saint-germain-psg-2025-2026-p15k","Short de Football Paris Saint Germain PSG 2025 2026","https://img.fantaskycdn.com/e8d29c511bedb06db7feb0e2d1bb28d7.jpg",14.99,,4
"paris-saint-germain-psg-survetement-training-2025-2026-euy3","Paris Saint Germain PSG Survêtement / Training 2025 2026","https://img.fantaskycdn.com/e72838181d2862088c97afb37958e356.jpg",75.99,,5
"psg-paris-saint-germain-maillot-foot-concept-2025-2026-6skb","PSG Paris Saint Germain maillot foot concept 2025 2026","https://img.fantaskycdn.com/58e4834cff6772837e93c6ca6ea3f472.jpg",32.99,,5
"paris-maillot-2012-2013-manches-longues-retro","Paris maillot 2012 2013 manches longues retro","https://img.fantaskycdn.com/bd98a20167a8c0d9c7a1c8f6699185f9.jpeg",37.99,,5
"psg-paris-saint-germain-maillot-foot-concept-2025-2026-sliq","PSG Paris Saint Germain maillot foot concept 2025 2026","https://img.fantaskycdn.com/2b8c63819a2269fccb7b80800eea1e89.jpg",32.99,,5
"psg-paris-saint-germain-survetement-training-2025-2026","PSG Paris Saint Germain Survêtement / Training 2025 2026","https://img.fantaskycdn.com/cfd77fdfe2c937e26828abdb3660066e.jpg",75.99,,5
"psg-paris-saint-germain-maillot-foot-concept-2025-2026-k1yn","PSG Paris Saint Germain maillot foot concept 2025 2026","https://img.fantaskycdn.com/3b500841b66ffba18954cffac42fbf91.jpg",32.99,,5
"psg-paris-saint-germain-maillot-foot-concept-2025-2026-jfae","PSG Paris Saint Germain maillot foot concept 2025 2026","https://img.fantaskycdn.com/92ae4bfa1caac1dd6fe419a37327c397.jpg",32.99,,5
"paris-saint-germain-psg-survetement-training-2025-2026-jf49","Paris Saint Germain PSG Survêtement / Training 2025 2026","https://img.fantaskycdn.com/c171096b8513fbf02a7bb4fb5734834c.jpg",75.99,,5
"psg-paris-saint-germain-maillot-foot-2025-2026","PSG Paris Saint Germain maillot foot 2025 2026","https://img.fantaskycdn.com/cab4846bcc120e654a4c314d39378fb1.jpg",32.99,,5
"paris-fc-maillot-foot-2025-2026","Paris FC maillot foot 2025 2026","https://img.fantaskycdn.com/e942339f5ee311fdb42f0eb9faf0564f.jpg",32.99,,5
"paris-saint-germain-psg-survetement-training-2025-2026-md4n","Paris Saint Germain PSG Survêtement / Training 2025 2026","https://img.fantaskycdn.com/8944b330bb48351c5ee9b8cf07bf8aae.jpg",75.99,,5
"paris-sg-maillot-retro-98","Paris  Maillot Rétro 98","https://img.fantaskycdn.com/c341a70fbf2cc70296fc1ad1301bf6c4.jpeg",25.99,,5
"paris-maillot-foot-balmain-blanc-2024-2025","Paris Maillot foot  Balmain Blanc 2024 2025","https://img.fantaskycdn.com/8e2d4d93e63d9f3042ac7e01bf740349.jpeg",32.99,,6
"paris-saint-germain-psg-survetement-training-2025-2026","Paris Saint Germain PSG Survêtement / Training 2025 2026","https://img.fantaskycdn.com/86ba9af4d768f3c729585c312108d4db.jpg",75.99,,6
"maillot-paris-saint-germain-2023-2024-concept-1","Maillot Paris  2023 2024 Concept","https://img.fantaskycdn.com/560a5cfd225618f743ad9bbd53073451.jpeg",32.99,,6
"maillot-paris-2023-2024-concept-1","Maillot Paris  2023 2024 Concept","https://img.fantaskycdn.com/d74a98ab847514e20fe1fc81f34b1836.jpeg",32.99,,6
"paris-fc-maillot-foot-2025-2026-owhu","Paris FC maillot foot 2025 2026","https://img.fantaskycdn.com/3ee4137bdce96055c4b7801ac5ac7eb9.jpg",32.99,,6
"paris-sg-maillot-retro-01-02","Paris Maillot Rétro 01/02","https://img.fantaskycdn.com/5dafaf75f73d8feef96e98c84b55714a.jpeg",32.99,,6
"paris-sg-maillot-retro-90-92","Paris Maillot Rétro 90/92","https://img.fantaskycdn.com/0a571da92ccc3bacda8e8f8b8290a62d.jpeg",32.99,,6
"paris-sg-maillot-retro-99","Paris SG Maillot Rétro 98","https://img.fantaskycdn.com/563f5a9e39d4099ebf7e6d6d70dba19d.jpeg",32.99,,6
"paris-sg-maillot-retro-01-2","Paris Maillot Rétro 01/02","https://img.fantaskycdn.com/7dd8193a1ca61dac53262b6226775b1e.jpeg",32.99,,6
"santos-maillot-neymar-retro-2011-2012","Santos maillot Neymar Retro 2011 2012","https://img.fantaskycdn.com/00de214d166893f821a5e7eb4f8289c8.jpeg",35.99,,6
"equipe-de-france-maillot-foot-1998-retro","Équipe de France maillot foot 1998 retro","https://img.fantaskycdn.com/5eafb3112b9db165ded6f2fa5b93a1d5.jpg",35.99,,6
"bresil-maillot-foot-concept-rose-2026-2027","Brésil maillot foot concept rose 2026 2027","https://img.fantaskycdn.com/7a1ba6c0e0b566f4252a668c522995d9.jpg",32.99,,6
"portugal-maillot-foot-exterieur-2026-2027-coupe-du-monde","Portugal maillot foot extérieur 2026 2027 Coupe Du Monde","https://img.fantaskycdn.com/d185cb7561ab901f2d30f2e4a145a983.jpg",32.99,,7
"equipe-de-france-maillot-foot-exterieur-2026-2027-coupe-du-monde","Équipe de France maillot foot extérieur 2026 2027 Coupe Du Monde","https://img.fantaskycdn.com/7e4f62ead84436e60e0a5de18f5092cd.jpg",32.99,,7
"fc-barcelone-maillot-foot-concept-2025-2026-omzw","FC Barcelone maillot foot concept 2025 2026","https://img.fantaskycdn.com/6fcb6b743265e4aa769abf099c2ec5c1.jpg",32.99,,7
"fc-barcelone-maillot-foot-rose-2025-2026","FC Barcelone maillot foot rose 2025 2026","https://img.fantaskycdn.com/35d3afb65f775f6a2a7b3badfcce3440.jpg",32.99,,7
"fc-barcelone-maillot-foot-noir-2026-2027-concept","FC Barcelone maillot foot noir 2026 2027 concept","https://img.fantaskycdn.com/814a4588c7c15823f99013aa4f6b5fa6.jpg",32.99,,7
"algerie-maillot-foot-rose-2025-2026","Algérie maillot foot rose 2025 2026","https://img.fantaskycdn.com/32ea9d2baac56aa9d91463fc21d8194c.jpg",32.99,,7
"chelsea-maillot-foot-third-2024-2025","Chelsea maillot foot third 2024 2025","https://img.fantaskycdn.com/564d5c2ff065ae2051562a76259ed66d.jpg",32.99,,7
"bresil-maillot-foot-exterieur-2026-2027-coupe-du-monde-09pa","Brésil maillot foot extérieur 2026 2027 Coupe Du Monde","https://img.fantaskycdn.com/f3960d88fc1f8676ab5b8552cd1d66a6.jpg",32.99,,7
"flamengo-maillot-rose-concept-2023-2024","Flamengo Maillot Rose Concept 2023 2024","https://img.fantaskycdn.com/9be7329e694b2d2d0ffad137981307d4.jpeg",32.99,,7
"maillot-mystere-aleatoire","MAILLOT MYSTERE / ALEATOIRE","https://img.fantaskycdn.com/7c74212ce7bef51a0456a6df0fecf022.png",28.99,,7
"belgique-maillot-foot-exterieur-2026-2027-coupe-du-monde","Belgique maillot foot extérieur 2026 2027 Coupe Du Monde","https://img.fantaskycdn.com/4bd39f7998c963ec42d52c400a628e29.jpg",32.99,,7
"bresil-maillot-foot-blanc-concept-2025-2026","Brésil maillot foot blanc concept 2025 2026","https://img.fantaskycdn.com/bd3bb943214293d09a94a28658e7444d.webp",32.99,,7
"inter-miami-maillot-foot-2025-2026-9t3y","Inter Miami maillot foot 2025 2026","https://img.fantaskycdn.com/8fba699bfce16487973902c93e06570e.jpg",32.99,,8
"bresil-maillot-full-noir-2022-23","Brésil maillot Full Noir 2022/23","https://img.fantaskycdn.com/82bf86cea9dfaaa07619aaee1d23b339.jpeg",32.99,,8
"portugal-maillot-foot-2024-2026-ojiy","Portugal maillot foot 2024 2025","https://img.fantaskycdn.com/659e14907b056cb768d6ae098c7753c3.jpeg",32.99,,8
"inter-miami-maillot-foot-2024-2025-third-vert-bleu-version-retro-0dub","Inter Miami Maillot foot 2024 2025  Third Vert  Bleu Version Retro","https://img.fantaskycdn.com/46d1c0adf580cb9528a5006da69009df.jpg",32.99,,8
"bresil-maillot-domicile-2022-23-coupe-du-monde","Brésil Maillot Domicile 2022/23 Coupe du Monde","https://img.fantaskycdn.com/99a9a433faaa89a584cfa2bf59159f17.jpeg",32.99,,8
"equipe-de-france-maillot-foot-domicile-2024-2025-euro2024-5ja4","Équipe de France maillot foot domicile 2024 2025 EURO2024","https://img.fantaskycdn.com/d33c8cf1d2f858ceb7c3e2298d4711d2.jpeg",32.99,,8
"bayern-munich-maillot-foot-domicile-2025-2026-vgle","Bayern Munich maillot foot domicile 2025 2026","https://img.fantaskycdn.com/0e3ca6b6154208927c3a96c48d9122b9.jpg",32.99,,8
"real-madrid-maillot-foot-exterieur-2025-2026","Real Madrid maillot foot extérieur 2025 2026","https://img.fantaskycdn.com/56ef610badaa88ca74fb9f4ffb9ad680.jpg",32.99,,8
"ac-milan-x-pleasures-maillot-foot-blanc-2024-2025-fourth-4fih","AC Milan x Pleasures maillot foot Blanc 2024 2025 Fourth","https://img.fantaskycdn.com/3ed4dd8884fd874100193b85385bc864.jpeg",32.99,,8
"arsenal-maillot-foot-2024-2025-third-n0aw","Arsenal maillot foot 2024 2025 Third","https://img.fantaskycdn.com/54fd8bc44ab94c8184de719533c70cb3.jpg",32.99,,8
"real-madrid-maillot-foot-concept-rose-2024-2025","Real Madrid maillot foot concept rose 2024 2025","https://img.fantaskycdn.com/8256a8b63b9fd36236e6c0cdb144a503.jpg",32.99,,8
"argentine-maillot-foot-50eme-anniversaire-2024-2025","Argentine maillot foot 50ème anniversaire 2024 2025","https://img.fantaskycdn.com/1d25c71f8a074e00cbf83afdccbc951d.jpg",32.99,,8
"bayern-munich-maillot-foot-exterieur-2025-2026","Bayern Munich maillot foot extérieur 2025 2026","https://img.fantaskycdn.com/5c4ae8339c20e036eac61c65ae4da62e.jpg",32.99,,9
"mexique-maillot-foot-vert-2024-2025-50v1","Mexique Maillot Foot Vert 2024 2025","https://img.fantaskycdn.com/e8bc41308943b2a79f011f1df3843e60.jpeg",32.99,,9
"espagne-maillot-foot-exterieur-coupe-du-monde-2026-2027","Espagne maillot foot extérieur Coupe Du Monde 2026 2027","https://img.fantaskycdn.com/3c9c9b9264459f20bc9b533a8039c419.jpg",32.99,,9
"costa-rica-maillot-foot-2026-2027-exterieur-coupe-du-monde","Costa Rica maillot foot 2026 2027 extérieur Coupe Du Monde","https://img.fantaskycdn.com/d031358848d796c41379af9d15e7bbb4.jpg",32.99,,9
"equipe-de-france-maillot-foot-domicile-2026-2027-coupe-du-monde","Équipe de France maillot foot domicile 2026 2027 Coupe Du Monde","https://img.fantaskycdn.com/5d278766d4d35866c00a268638977320.jpg",32.99,,9
"coree-du-sud-maillot-foot-exterieur-2026-2027-coupe-du-monde","Corée Du Sud Maillot Foot Extérieur 2026 2027 Coupe Du Monde","https://img.fantaskycdn.com/b3f7954f09e2ae007ce5ca9517d789b2.jpg",32.99,,9
"bresil-maillot-foot-concept-2026-2027","Brésil maillot foot concept 2026 2027","https://img.fantaskycdn.com/85b819c715381bb95f67958d9f6b9ca4.jpg",32.99,,9
"algerie-maillot-foot-rose-2025-2026-t81y","Algérie maillot foot rose 2025 2026","https://img.fantaskycdn.com/3e3778826c807a39310faec160400eb3.jpg",32.99,,9
"portugal-maillot-foot-2026-2027-coupe-du-monde","Portugal maillot foot 2026 2027 Coupe Du Monde","https://img.fantaskycdn.com/9cec9469a901a20aafae4f556f0ad108.jpg",32.99,,9
"chilie-maillot-foot-2026-2027-coupe-du-monde","Chilie maillot foot 2026 2027 Coupe Du Monde","https://img.fantaskycdn.com/e014b37b299af519c627e7ea6b2d1bbd.jpg",32.99,,9
"argentine-maillot-foot-2026-2027-exterieur-coupe-du-monde","Argentine maillot foot 2026 2027 extérieur Coupe Du Monde","https://img.fantaskycdn.com/602ce5a43bccb98eb4153a505dc607e6.jpg",32.99,,9
"short-de-football-france-coupe-du-monde-2026-2027-z2uo","Short de Football France Coupe Du Monde 2026 2027","https://img.fantaskycdn.com/14ad12414252d9b5345559e1a7a31202.webp",14.99,,9
"short-de-football-fc-barcelone-rose-2025-2026","Short de Football FC Barcelone Rose 2025 2026","https://img.fantaskycdn.com/73720d983887eab79e8cc8bbbcb06b77.jpg",14.99,,10
"equipe-de-france-rugby-maillot-foot-2026-2027-120eme-anniversaire","Équipe de France Rugby maillot foot 2026 2027 120ème anniversaire","https://img.fantaskycdn.com/06a250e3d2ab2b3044e8d6b0c647dcd3.jpg",32.99,,10
"fc-barcelone-maillot-foot-concept-2025-2026-tz5j","FC Barcelone maillot foot concept 2025 2026","https://img.fantaskycdn.com/b26be9ff4954004c9783d47b37e3660a.jpg",32.99,,10
"espagne-maillot-foot-domicile-2026-2027-coupe-du-monde","Espagne maillot foot  domicile 2026 2027 Coupe Du Monde","https://img.fantaskycdn.com/00eea9dfd133281ea5bdc382f94614ef.jpg",32.99,,10
"manchester-city-maillot-foot-exterieur-fourth-2025-2026","Manchester CIty maillot foot extérieur fourth 2025 2026","https://img.fantaskycdn.com/0757588ef34c29e53b9d8187b3a5cab2.jpg",32.99,,10
"maroc-maillot-foot-exterieur-2026-2027-coupe-du-monde","Maroc maillot foot extérieur 2026 2027 Coupe Du Monde","https://img.fantaskycdn.com/b843c5d4012ef9e3c873deceb8de1e47.jpg",32.99,,10
"bresil-maillot-foot-concept-2025-2026-orgq","Brésil maillot foot concept 2025 2026","https://img.fantaskycdn.com/c76259a5ac062e75dcd9d3fddd4ca72f.jpg",32.99,,10
"colombie-maillot-foot-2026-2027-coupe-du-monde","Colombie maillot foot 2026 2027 Coupe Du Monde","https://img.fantaskycdn.com/4c0d42f11ecde4f7e670df0562cf5d9e.jpg",32.99,,10
"portugal-maillot-foot-exterieur-2025-2026-7ikd","Portugal maillot foot extérieur 2025 2026","https://img.fantaskycdn.com/11a80ffcf5999f042dc3499508a0f4a4.jpg",32.99,,10
"olympique-de-marseille-om-maillot-foot-third-2025-2026","Olympique de Marseille OM maillot foot third 2025 2026","https://img.fantaskycdn.com/ed884f30b101553cc3d03c4443f1763a.jpg",32.99,,10
"allemagne-maillot-foot-domicile-2026-2027-coupe-du-monde","Allemagne maillot foot domicile 2026 2027 Coupe Du Monde","https://img.fantaskycdn.com/65dd4690472d0116764f8e9670529dc6.jpg",32.99,,10
"italie-maillot-foot-2026-2027-ern6","Italie maillot foot 2026 2027","https://img.fantaskycdn.com/4d43c11f784f66403f90f5664637d4dc.jpg",32.99,,10
"bresil-maillot-foot-domicile-coupe-du-monde-2026-2027","Brésil maillot foot domicile Coupe Du Monde 2026 2027","https://img.fantaskycdn.com/70f99148f202ef3f1a18b98bc234db5b.jpg",32.99,,11
"fc-porto-maillot-foot-2026-2027","FC Porto maillot foot 2026 2027","https://img.fantaskycdn.com/c1838a0c659e2c08dd0d6559a7693e70.jpg",32.99,,11
"bayern-munich-maillot-foot-third-2025-2026","Bayern Munich maillot foot third 2025 2026","https://img.fantaskycdn.com/7ffc00ec41c7ee712b24190e53fd1e1e.jpg",32.99,,11
"curacao-maillot-foot-2026-2027-coupe-du-monde","Curacao maillot foot 2026 2027 Coupe Du Monde","https://img.fantaskycdn.com/73434697c7124b0101b512be40278e71.jpg",32.99,,11
"espagne-maillot-foot-dellafuente-2026-2027-coupe-du-monde","Espagne maillot foot Dellafuente 2026 2027 Coupe Du Monde","https://img.fantaskycdn.com/70a39092de8f0fc0f2a1a628c46fb618.jpg",32.99,,11
"portugal-maillot-foot-noir-2026-2027-coupe-du-monde","Portugal maillot foot noir 2026 2027 Coupe Du Monde","https://img.fantaskycdn.com/a8f899b302f6cbbf45ae7392b81b6839.jpg",32.99,,11
"bresil-maillot-foot-gardien-coupe-du-monde-2026-2027","Brésil maillot foot gardien Coupe Du Monde 2026 2027","https://img.fantaskycdn.com/4f3976f2627e9b4e3c8bb802607e787a.jpg",32.99,,11
"fc-barcelone-kit-enfant-maillot-foot-2025-2026","FC Barcelone Kit Enfant Maillot Foot 2025 2026","https://img.fantaskycdn.com/d10429d43f7e03cc9412789e73be2796.jpg",24.99,,11
"japon-maillot-foot-2026-2027-exterieur-coupe-du-monde","Japon maillot foot 2026 2027 extérieur Coupe Du Monde","https://img.fantaskycdn.com/741140b3537005e0b2b730f176f7337d.jpg",32.99,,11
"norvege-maillot-foot-exterieur-2026-2027-coupe-du-monde-noir","Norvège maillot foot extérieur 2026 2027 Coupe Du Monde Noir","https://img.fantaskycdn.com/275d40ded68059c342172da4ac3e1766.jpg",32.99,,11
"turquie-maillot-foot-domicile-2026-2027-coupe-du-monde","Turquie maillot foot domicile 2026 2027 Coupe Du Monde","https://img.fantaskycdn.com/884c78608afd209d2f424c526930aa42.jpg",32.99,,11
"maroc-maillot-foot-domicile-2026-2027-coupe-du-monde","Maroc Maillot Foot Domicile 2026 2027 Coupe Du Monde","https://img.fantaskycdn.com/7bb9ff994bb5f68b71c5c8536c6e2970.jpg",32.99,,11
"short-de-football-bresil-2026-2027-coupe-du-monde-r8re","Short de Football Brésil 2026 2027 Coupe Du Monde","https://img.fantaskycdn.com/ba719e3476ad9f4e003a5364704e6868.jpg",14.99,,12
"short-de-football-espagne-2026-2027-coupe-du-monde","Short de Football Espagne 2026 2027 Coupe Du Monde","https://img.fantaskycdn.com/8c4afa7892e92377a0f5b5864d01f77b.jpg",14.99,,12
"algerie-maillot-foot-domicile-2026-2027-coupe-du-monde","Algérie Maillot Foot Domicile 2026 2027 Coupe Du Monde","https://img.fantaskycdn.com/7ad8714541cbda9cb3bda059714f5159.jpg",32.99,,12
"ac-milan-maillot-foot-retro-2006-2007-manches-longues","AC Milan maillot foot Retro 2006 2007 Manches Longues","https://img.fantaskycdn.com/f1d43d1d037c896552a2c7a81f618eec.jpg",37.99,,12
"equipe-de-france-maillot-foot-2026-2027-gardien-coupe-du-monde","Équipe de France maillot foot 2026 2027 Gardien Coupe Du Monde","https://img.fantaskycdn.com/aa1be902a58afbd45345121fd459240c.jpg",32.99,,12
"japon-maillot-foot-rose-2024-2025","Japon maillot foot rose 2024 2025","https://img.fantaskycdn.com/585f49a7c4b1591f7a04626f58b4a40a.jpg",32.99,,12
"italie-maillot-foot-2025-2026","Italie maillot foot 2025 2026","https://img.fantaskycdn.com/993e15d8360a3e540f8d1609067fbbde.jpg",32.99,,12
"senegal-maillot-foot-2026-2027-937z","Sénégal maillot foot 2026 2027","https://img.fantaskycdn.com/119d3e2951b923220c1df21c7e168d76.jpg",32.99,,12
"colombie-maillot-foot-2025-2026","Colombie maillot foot 2025 2026","https://img.fantaskycdn.com/73c523f398d23ed0639d10f02803ee3d.jpg",32.99,,12
"italie-maillot-foot-2026-2027-exterieur-coupe-du-monde","Italie maillot foot 2026 2027 extérieur Coupe Du Monde","https://img.fantaskycdn.com/534037346199b47d9b4ae5d9903292b1.jpg",32.99,,12
"allemagne-maillot-foot-domicile-2025-2026","Allemagne maillot foot domicile 2025 2026","https://img.fantaskycdn.com/c147c4bc3500aac01e3e68fb738afc67.jpg",32.99,,12
"manchester-city-maillot-foot-domicile-2026-2027","Manchester City Maillot Foot domicile 2026 2027","https://img.fantaskycdn.com/028351b5cbb714f23b498dcb0ba1f5bc.jpg",32.99,,12
"arsenal-maillot-foot-concept-2026-2027","Arsenal maillot foot Concept 2026 2027","https://img.fantaskycdn.com/9238dcf9888c3a51de374a3248ffc9bd.jpg",32.99,,13
"tunisie-maillot-foot-2026-2027-7rv8","Tunisie maillot foot 2026 2027","https://img.fantaskycdn.com/e2f7be67d6474f2689c35d08bedac7f7.jpg",32.99,,13
"bresil-maillot-foot-exterieur-2026-2027-coupe-du-monde","Brésil Maillot Foot Extérieur 2026 2027 Coupe Du Monde","https://img.fantaskycdn.com/65be3d8dc96b650d60a02c25b654e580.jpg",32.99,,13
"portugal-maillot-foot-domicile-2025-2026-otlp","Portugal maillot foot domicile 2025 2026","https://img.fantaskycdn.com/188acfe741e8acfc5ee9e8457564d6ed.jpg",32.99,,13
"juventus-maillot-foot-2002-2003-retro","Juventus maillot foot 2002 2003 retro","https://img.fantaskycdn.com/469ca09ad0f3a236e439de10ae4cc03e.jpg",35.99,,13
"juventus-maillot-foot-1997-1999-retro","Juventus maillot foot 1997 1999 retro","https://img.fantaskycdn.com/4f3cf3fdf641689dfaf5b5f8a118a74c.jpg",35.99,,13
"benfica-maillot-foot-retro-2007-2008","Benfica maillot foot Retro 2007 2008","https://img.fantaskycdn.com/32980648067f8fb02dee670b92c68f80.jpg",35.99,,13
"italie-maillot-foot-2006-retro-0r61","Italie maillot foot 2006 retro","https://img.fantaskycdn.com/a761add4add703f082ae01f75e675b56.jpg",35.99,,13
"olympique-de-marseille-om-maillot-foot-fourth-2025-2026","Olympique de Marseille OM maillot foot fourth  2025 2026","https://img.fantaskycdn.com/8dade325fc9430b66abd73ec32e08848.jpg",32.99,,13
"uruguay-maillot-foot-exterieur-2026-2027-coupe-du-monde","Uruguay Maillot Foot extérieur 2026 2027 Coupe Du Monde","https://img.fantaskycdn.com/eac9c53dd7b7e8faf92180c335de5412.jpg",32.99,,13
"portugal-maillot-foot-2026-2027-manches-longues-coupe-du-monde","Portugal maillot foot 2026 2027 Manches Longues Coupe Du Monde","https://img.fantaskycdn.com/659e63e68b9906d85167e5420bf1d664.jpg",38.99,,13
"mexique-maillot-foot-2025-2026-l0ms","Mexique maillot foot 2025 2026","https://img.fantaskycdn.com/47ae8f4640d5f1a9da13b355eb34c877.jpg",32.99,,13
"ajax-amsterdam-bob-marley-maillot-foot-2025-2026","Ajax Amsterdam Bob Marley  maillot foot  2025 2026","https://img.fantaskycdn.com/019df5d2a7ec2cdb7fc6d119916f626e.jpg",32.99,,14
"argentine-maillot-foot-retro-2006-2007-manches-longues-e6xz","Argentine maillot foot Retro 2006 2007 Manches Longues","https://img.fantaskycdn.com/127ba54177bb294f611b850cf36583e2.jpg",37.99,,14
"arsenal-maillot-foot-2007-2008-retro","Arsenal maillot foot 2007 2008 retro","https://img.fantaskycdn.com/44cc85e8b16001f5f4a3d53e6f793b33.jpg",35.99,,14
"bayern-munich-maillot-foot-1997-1999-retro","Bayern Munich maillot foot 1997 1999 retro","https://img.fantaskycdn.com/a6b3576f9fff5aef9ec0230cc1901bd9.jpg",35.99,,14
"manchester-city-maillot-retro-2011-2012","Manchester City maillot  Retro 2011 2012","https://img.fantaskycdn.com/14708c61b3b63ff006652c2b25d448f3.jpeg",35.99,,14
"bayern-munich-maillot-foot-125eme-anniversaire-2025-2026","Bayern Munich maillot foot 125ème anniversaire 2025 2026","https://img.fantaskycdn.com/16790a3bf658a7e5c074fe4e15c4217a.jpg",32.99,,14
"argentine-maillot-foot-retro-2006-2007-manches-longues","Argentine maillot foot Retro 2006 2007 Manches Longues","https://img.fantaskycdn.com/ec0b689bbb1455554d2c0121d58b4feb.jpg",37.99,,14
"argentine-maillot-foot-retro-2014-manches-longues","Argentine maillot foot Retro 2014 Manches Longues","https://img.fantaskycdn.com/a21a73b4ebbe916bb89936f986ae9eca.jpg",37.99,,14
"argentine-maillot-foot-1994-retro","Argentine maillot foot 1994  retro","https://img.fantaskycdn.com/6d99ad726a9812ffe03ff82a53c4a582.jpg",35.99,,14
"argentine-maillot-foot-retro-1998-manches-longues","Argentine maillot foot Retro 1998 Manches Longues","https://img.fantaskycdn.com/08ef2bc1dcc633af4af67440ccd39108.jpg",37.99,,14
"manchester-city-maillot-foot-2026-2027","Manchester City maillot foot 2026 2027","https://img.fantaskycdn.com/7506dc17c976a2027d5ae42efc8af338.jpg",32.99,,14
"bayern-munich-maillot-foot-1995-1997-retro","Bayern Munich maillot foot 1995 1997 retro","https://img.fantaskycdn.com/6f407878910b6497c417ad9547056524.jpg",35.99,,14
"bayern-munich-maillot-foot-2001-2002-retro","Bayern Munich maillot foot 2001 2002  retro","https://img.fantaskycdn.com/3767f86c4b35ca016d42a4ad2534f04f.jpg",35.99,,15
"as-roma-maillot-foot-1998-1999-retro","AS Roma maillot foot 1998 1999  retro","https://img.fantaskycdn.com/12ab279ee71ea703a64ea782f9b0decc.jpg",35.99,,15
"bayern-munich-maillot-foot-noir-2025-2026","Bayern Munich maillot foot noir 2025 2026","https://img.fantaskycdn.com/6a6edf2bc850620779f77b5c0e99af3e.jpg",32.99,,15
"manchester-city-maillot-retro-2013-2015","Manchester City maillot Retro 2013 2014","https://img.fantaskycdn.com/3663a850f212839751fa6cc3f7cca32a.jpeg",37.99,,15
"allemagne-maillot-foot-1996-retro","Allemagne maillot foot 1996 retro","https://img.fantaskycdn.com/0145d1ecfd128faa3c739ae841974b77.jpg",35.99,,15
"ac-milan-maillot-retro-2001-2002","AC Milan Maillot Retro 2000 20001","https://img.fantaskycdn.com/0d9a6b8d8de219307a10b51a53eadbc0.jpeg",35.99,,15
"canada-maillot-foot-2026-2027-exterieur-coupe-du-monde","Canada maillot foot 2026 2027 extérieur Coupe Du Monde","https://img.fantaskycdn.com/60da2738333f5c1dda557944e5166ac1.jpg",32.99,,15
"juventus-maillot-foot-1996-1997-retro","Juventus maillot foot 1996 1997 retro","https://img.fantaskycdn.com/7057ac18e0ef437aaeada8a79a03cc19.jpg",35.99,,15
"bayern-munich-maillot-foot-1993-1995-retro","Bayern Munich maillot foot 1993 1995  retro","https://img.fantaskycdn.com/425f351c5539d8abc7d9656a0aa9656a.jpg",35.99,,15
"bayern-munich-maillot-foot-2007-2008-retro","Bayern Munich maillot foot 2007 2008  retro","https://img.fantaskycdn.com/cd2b75372a6d7a038ec6cfb7cea16f2a.jpg",35.99,,15
"benfica-maillot-foot-2026-2027-concept","Benfica maillot foot 2026 2027 concept","https://img.fantaskycdn.com/898617c053d052e6349cccc6cf17b720.jpg",32.99,,15
"sporting-portugal-maillot-foot-2026-2027","Sporting Portugal  maillot foot 2026 2027","https://img.fantaskycdn.com/7cd06ee5dbf671c1aa64221fe72f0355.jpg",32.99,,15
"bayern-munich-maillot-foot-1993-1995-retro-ance","Bayern Munich maillot foot 1993 1995 retro","https://img.fantaskycdn.com/05e1d3f1064b9a6101472484b1942f31.jpg",35.99,,16
"manchester-city-maillot-foot-retro-2008-2009-exterieur","Manchester City maillot foot Retro 2008 2009 Extérieur","https://img.fantaskycdn.com/b139999313009548f4d9cf99749b880b.jpeg",35.99,,16
"manchester-city-maillot-retro-2015-2017","Manchester City maillot Retro 2015 2016","https://img.fantaskycdn.com/d1638147c57467a93e82eb619761a637.jpeg",35.99,,16
"real-madrid-maillot-foot-retro-1999-2000-manches-longues","Real Madrid Maillot Foot Retro 1999 2000 Manches Longues","https://img.fantaskycdn.com/c80f117673d6463ecda4ed2820ea18a1.jpg",38.99,,16
"bayern-munich-maillot-foot-2005-2006-retro","Bayern Munich maillot foot 2005 2006 retro","https://img.fantaskycdn.com/91bba8c6d24a78be893fdd6c6ebbfc2a.jpg",35.99,,16
"as-roma-maillot-foot-1992-1993-retro","AS Roma maillot foot 1992 1993  retro","https://img.fantaskycdn.com/fdffc0edd7091f74fca69e4d69562001.jpg",35.99,,16
"bayern-munich-maillot-foot-2000-2001-retro-qlbl","Bayern Munich maillot foot 2000 2001 retro","https://img.fantaskycdn.com/d9c2f9f053c467f05e6d0f0f58e43476.jpg",35.99,,16
"argentine-maillot-retro-2021-sin0","Argentine Maillot Retro 2021","https://img.fantaskycdn.com/38de0c54b0bf03fac16a2f884c5514fa.jpg",35.99,,16
"senegal-maillot-foot-2026-2027-3a3k","Sénégal maillot foot 2026 2027","https://img.fantaskycdn.com/c18c0f51249b4b0bc7e9328976faffad.jpg",32.99,,16
"espagne-maillot-foot-2026-2027-manches-longues-coupe-du-monde","Espagne maillot foot 2026 2027 Manches Longues Coupe Du Monde","https://img.fantaskycdn.com/d79fbf9a6721a56e6183b65b5f85d142.jpg",38.99,,16
"inter-milan-maillot-retro-2021-2022","Inter Milan Maillot Retro 2021 2022","https://img.fantaskycdn.com/46f3dd54a3fe1fa3539b1c92d1dbac27.jpg",35.99,,16
"bayern-munich-maillot-foot-1995-1996-retro","Bayern Munich maillot foot 1995 1996  retro","https://img.fantaskycdn.com/a5f3be9da62008340c60e9a438467c85.jpg",35.99,,16
"espagne-maillot-foot-exterieur-2025-2026","Espagne maillot foot extérieur 2025 2026","https://img.fantaskycdn.com/01067e7c05a6e1f771ebfd5af5efa986.jpg",32.99,,17
"manchester-city-maillot-foot-retro-2007-2009","Manchester City Maillot Foot Retro 2007 2008","https://img.fantaskycdn.com/0aa64a434e342106c66c6b58207b96a5.jpeg",35.99,,17
"algerie-maillot-foot-retro-1986","Algérie Maillot Foot Retro 1986","https://img.fantaskycdn.com/d9d808a16a89c3ea51210c73341da606.jpg",35.99,,17
"argentine-maillot-foot-2026-2027","Argentine maillot foot 2026 2027","https://img.fantaskycdn.com/bde6b648fe001bdeb1a0ef623c979236.jpg",32.99,,17
"juventus-maillot-foot-1992-1994-retro","Juventus maillot foot 1992 1994 retro","https://img.fantaskycdn.com/33265264171d7ed91fdc9ed128363166.jpg",35.99,,17
"bayern-munich-maillot-foot-1998-2000-retro","Bayern Munich  maillot foot 1998 2000 retro","https://img.fantaskycdn.com/ec9204f23143cc99b8df427e4b20e56c.jpg",35.99,,17
"ajax-maillot-foot-retro-2018-2019","AJAX maillot foot retro 2018 2019","https://img.fantaskycdn.com/a4e35b27220cf2b4c3499159c85d5ea2.jpg",32.99,,17
"liverpool-maillot-foot-retro-1995-1996","Liverpool maillot foot retro 1995 1996","https://img.fantaskycdn.com/f5c38369c6cc90b4aa847a46aa4feeac.jpg",32.99,,17
"short-de-football-france-2026-2027-1hyd","Short de Football France 2026 2027","https://img.fantaskycdn.com/1ee0d4752591cdd4c3eadf996c7eb03b.jpg",14.99,,17
"kit-enfant-manchester-city2025-2026","Kit Enfant Manchester City2025 2026","https://img.fantaskycdn.com/0f18eb55d00919c93e9ef8d816112273.jpg",24.99,,17
"inter-miami-maillot-foot-2025-2026","Inter Miami maillot foot 2025 2026","https://img.fantaskycdn.com/55f929129c3708eecad4a2f15522494b.jpg",32.99,,17
"italie-maillot-foot-domicile-2026-2027-coupe-du-monde","Italie Maillot Foot Domicile 2026 2027 Coupe Du Monde","https://img.fantaskycdn.com/14b1a2576d71b03c3a5571238c6af5fe.jpg",32.99,,17
"colombie-maillot-foot-retro-1990-manches-longue","Colombie Maillot Foot Retro 1990 Manches Longue","https://img.fantaskycdn.com/8a7cab6b80916efe1692145447c2e92d.jpg",37.99,,18
"atletico-madrid-maillot-foot-retro-2015-2016","Atletico Madrid maillot foot retro 2015 2016","https://img.fantaskycdn.com/81f318f68f45632d9714ebf783dfb063.jpg",32.99,,18
"portugal-maillot-foot-concept-2026-2027","Portugal Maillot Foot Concept 2026 2027","https://img.fantaskycdn.com/158ff99f1ec496e888ca13a136820c18.jpg",32.99,,18
"algerie-maillot-foot-retro-1986-zc5x","Algérie Maillot Foot Retro 1986","https://img.fantaskycdn.com/dc48036d482059c4e037aa3c785be438.jpg",35.99,,18
"argentine-maillot-retro-2021","Argentine Maillot Retro 2021","https://img.fantaskycdn.com/b48000800b77c4bbdc5ba9d359466e0c.jpg",35.99,,18
"colombie-maillot-foot-retro-1990-manches-longue-9914","Colombie Maillot Foot Retro 1990 Manches Longue","https://img.fantaskycdn.com/7e78685e0775f3e5f34487a6bbda3e64.jpg",37.99,,18
"allemagne-maillot-retro-2021-2022","Allemagne Maillot Retro 2021 2022","https://img.fantaskycdn.com/a5f5660d2851991366dbc992b3a045e9.jpg",35.99,,18
"fc-barcelone-maillot-foot-retro-2014-2015","FC Barcelone Maillot Foot Retro 2014 2015","https://img.fantaskycdn.com/a4b041f953eb9caac9ce41a407b05497.jpg",32.99,,18
"colombie-maillot-foot-retro-1994-manches-longue","Colombie Maillot Foot Retro 1994 Manches Longue","https://img.fantaskycdn.com/b93dd3af37f85f18b3a292322f1c5b97.jpg",37.99,,18
"colombie-maillot-foot-retro-1994-manches-longue-ro6i","Colombie Maillot Foot Retro 1994 Manches Longue","https://img.fantaskycdn.com/1a2c09c02dd794dab38da6d49be2e516.jpg",37.99,,18
"allemagne-maillot-retro-2020","Allemagne Maillot Retro 2020","https://img.fantaskycdn.com/9c89dce1951bfbd8b8d63f35a605649d.jpg",35.99,,18
"manchester-city-maillot-foot-domicile-2025-2026","Manchester CIty maillot foot domicile 2025 2026","https://img.fantaskycdn.com/c4b135bcc78bfdd54134efd42b0da90c.jpg",32.99,,18
"mexique-maillot-foot-2026-2027","Mexique maillot foot 2026 2027","https://img.fantaskycdn.com/b9a06d898214b97c5e49895dbe5ba2ae.jpg",32.99,,19
"pays-bas-maillot-retro-1980-manches-longue","Pays-Bas Maillot Retro 1980 Manches Longue","https://img.fantaskycdn.com/640e6f21ab6fb08adf52731215d477f8.jpg",37.99,,19
"grece-maillot-foot-exterieur-2026-2027-exterieur-coupe-du-monde","Grèce maillot foot extérieur 2026 2027 Extérieur Coupe Du Monde","https://img.fantaskycdn.com/6e42ea3e35ee6b5f5bdbce5b10b248cc.jpg",32.99,,19
"fc-porto-maillot-retro-2013-2014-manches-longue","FC Porto Maillot Retro 2013 2014 Manches Longue","https://img.fantaskycdn.com/b6735f854b19cf7a0cfbf795b6cd8feb.jpg",37.99,,19
"japon-maillot-foot-2026-2027","Japon maillot foot 2026 2027","https://img.fantaskycdn.com/e36379aa9d5dc45d3f22fc9454b22601.jpg",32.99,,19
"espagne-maillot-retro-1996-manches-longue","Espagne Maillot Retro 1996 Manches Longue","https://img.fantaskycdn.com/61ec637dd61befe3ec2e898847a68bef.jpeg",37.99,,19
"bresil-maillot-foot-2026-2027-entrainement-coupe-du-monde","Brésil maillot foot 2026 2027 entraînement Coupe Du Monde","https://img.fantaskycdn.com/b88dbac3d0e8b052f5f38fc950d50196.jpg",32.99,,19
"liverpool-maillot-foot-2025-2026","Liverpool maillot foot 2025 2026","https://img.fantaskycdn.com/d5c60adeadc70ddaa155e7c0e11d73c7.jpg",32.99,,19
"suisse-maillot-foot-2026-2027-an9e","Suisse maillot foot 2026 2027","https://img.fantaskycdn.com/717cea221d05479e5ec90664e5f80fe0.jpg",32.99,,19
"liverpool-maillot-foot-third-2025-2026-6uao","Liverpool maillot foot third 2025 2026","https://img.fantaskycdn.com/b1096c4ba1f326c10bb3e5bd091b6e17.jpg",32.99,,19
"algerie-maillot-foot-exterieur-2026-2027-coupe-du-monde","Algérie Maillot Foot Extérieur 2026 2027 Coupe Du Monde","https://img.fantaskycdn.com/d2e1e67a23e6d24b25e90d1e91e19b44.jpg",32.99,,19
"real-madrid-maillot-foot-or-dore-entrainement-2025-2026","Real Madrid maillot foot or doré entraînement 2025 2026","https://img.fantaskycdn.com/daa277fc5c9eb53edefa09ac9eaa1e0f.jpg",32.99,,19
"bayern-munich-kit-enfant-maillot-foot-2025-2026","Bayern Munich Kit Enfant Maillot Foot 2025 2026","https://img.fantaskycdn.com/8b29dc369808b456c2f5ead0266ef8e5.jpg",24.99,,20
"colombie-maillot-foot-exterieur-2025-2026","Colombie maillot foot extérieur 2025 2026","https://img.fantaskycdn.com/a62b638b3e1cb890b5f576e2aad88ce3.jpg",32.99,,20
"italie-maillot-foot-2026-2027","Italie maillot foot 2026 2027","https://img.fantaskycdn.com/2d1bae81ca6126261a72de9b23c576bb.jpg",32.99,,20
"etats-unis-maillot-foot-exterieur-2026-2027-coupe-du-monde","États-Unis maillot foot extérieur 2026 2027 Coupe Du Monde","https://img.fantaskycdn.com/5d48a0eab471172e8e5a2c2281cdf66a.jpg",32.99,,20
"rc-lens-maillot-foot-third-2025-2026","RC Lens maillot foot third 2025 2026","https://img.fantaskycdn.com/376ae353aa7e6e374098d6e091d9e3eb.png",32.99,,20
"rd-congo-maillot-foot-2026-2027","RD Congo maillot foot 2026 2027","https://img.fantaskycdn.com/46b6f34b04fcfd7b02a0b0a9e3a76cb5.jpg",32.99,,20
"jamaique-maillot-foot-2025-2026","Jamaïque maillot foot 2025 2026","https://img.fantaskycdn.com/83187db6145dba8e8ccc6f56d34867c0.jpg",32.99,,20
"tunisie-maillot-foot-2026-2027","Tunisie maillot foot 2026 2027","https://img.fantaskycdn.com/44cfe6b2fa0ae3bbaea048e156381b3b.jpg",32.99,,20
"belgique-maillot-foot-2025-2026","Belgique maillot foot 2025 2026","https://img.fantaskycdn.com/a0d514f22cb273efd1da991595b41514.jpg",32.99,,20
"real-madrid-maillot-foot-domicile-2026-2027","Real Madrid Maillot Foot Domicile 2026 2027","https://img.fantaskycdn.com/22b1ed99501e75c02bfe3d7f8ef3e728.jpg",32.99,,20
"manchester-city-kit-enfant-maillot-foot-2025-2026-pkqa","Manchester City Kit Enfant Maillot Foot 2025 2026","https://img.fantaskycdn.com/bcc5c326a822bc800f03dc973e5a191c.jpg",24.99,,20
"pays-bas-maillot-foot-exterieur-2026-2027-coupe-du-monde","Pays-Bas maillot foot extérieur 2026 2027 Coupe Du Monde","https://img.fantaskycdn.com/887c1f8d7d3f3577b54dd579b0114581.jpg",32.99,,20
"kit-enfant-manchester-city-2025-2026","Kit Enfant Manchester City 2025 2026","https://img.fantaskycdn.com/c733d3e85d7cdc6f63d5630e247d9514.jpg",24.99,,21
"ogc-nice-maillot-foot-domicile-2025-2026","OGC Nice maillot foot domicile 2025 2026","https://img.fantaskycdn.com/bef2b74a7fbd654a9fe1b0dd5e6d3eac.webp",32.99,,21
"tunisie-maillot-foot-2026-2027-hviy","Tunisie maillot foot 2026 2027","https://img.fantaskycdn.com/24e5731c09f7c2afc37be526bef92767.jpg",32.99,,21
"norvege-maillot-foot-2026-2027-coupe-du-monde-g9mm","Norvège Maillot Foot 2026 2027 Coupe Du Monde","https://img.fantaskycdn.com/3abc3fcd55ca5c8ca0d7b82f6e894b00.jpg",32.99,,21
"suisse-maillot-foot-2026-2027","Suisse maillot foot 2026 2027","https://img.fantaskycdn.com/d2081853dc262b09cd3aa4bb22b9aeab.jpg",32.99,,21
"jamaique-maillot-foot-2026-2027-coupe-du-monde","Jamaique maillot foot 2026 2027 Coupe Du Monde","https://img.fantaskycdn.com/a5a52a975555cc67b00a7502c0cb98db.jpg",32.99,,21
"aston-villa-maillot-foot-2026-2027-entrainement","Aston Villa maillot foot 2026 2027 entraînement","https://img.fantaskycdn.com/24dd299e564c5dd5d61681ed071775ef.jpg",32.99,,21
"algerie-maillot-foot-2025-2026-r3cv","Algérie maillot foot 2025 2026","https://img.fantaskycdn.com/e8501fede43e8f1462a46cf6f4ff5773.jpg",32.99,,21
"short-de-football-france-coupe-du-monde-2026-2027","Short de Football France Coupe Du Monde 2026 2027","https://img.fantaskycdn.com/177c75de8a167432e9ba3c86380f5592.webp",14.99,,21
"algerie-maillot-foot-2025-2026","Algérie maillot foot 2025 2026","https://img.fantaskycdn.com/7c3f7b40178df92109a4904a97658509.jpg",32.99,,21
"costa-rica-maillot-foot-2026-2027","Costa Rica maillot foot 2026 2027","https://img.fantaskycdn.com/0efb2534195090682e733d1efcbdeaf8.jpg",32.99,,21
"juventus-maillot-foot-third-2024-2025-630x","Juventus maillot foot third 2024 2025","https://img.fantaskycdn.com/01e3d669361832a6041d583d118689fa.jpg",32.99,,21
"suisse-maillot-foot-2026-2027-coupe-du-monde","Suisse Maillot Foot 2026 2027 Coupe Du Monde","https://img.fantaskycdn.com/ff481fe3693027ace651370605a6e538.jpg",32.99,,22
"short-de-football-fc-barcelone-2025-2026-pfkn","Short de Football FC Barcelone 2025 2026","https://img.fantaskycdn.com/1aabac0f486b205e2e79e519ff101670.jpg",14.99,,22
"japon-maillot-foot-2026-2027-manches-longues-coupe-du-monde","Japon maillot foot 2026 2027 Manches Longues Coupe Du Monde","https://img.fantaskycdn.com/0cc41c52b916f4fc3c9c9c7674bb318a.jpg",38.99,,22
"newcastle-maillot-foot-third-2025-2026","Newcastle maillot foot third 2025 2026","https://img.fantaskycdn.com/571429551159045b422479f8d13b640c.jpg",32.99,,22
"ogc-nice-maillot-foot-exterieur-2025-2026","OGC Nice maillot foot extérieur 2025 2026","https://img.fantaskycdn.com/fe57c2b1821cc2d1c8acf2b5bd40c3ce.webp",32.99,,22
"bresil-maillot-foot-1998-exterieur-coupe-du-monde","Brésil maillot foot 1998 Extérieur Coupe Du Monde","https://img.fantaskycdn.com/5de77655ba2d6ebe4a872ff529d1fcf8.jpg",32.99,,22
"allemagne-maillot-foot-anniversaire-125-ans-2025-2026-4t6e","Allemagne maillot foot Anniversaire 125 ans 2025 2026","https://img.fantaskycdn.com/65dc9f46362ec2f4025cc267e3b90c47.jpg",32.99,,22
"equipe-de-france-rugby-maillot-foot-2026-2027-manches-longues","Équipe de France  Rugby maillot foot 2026 2027 Manches Longues","https://img.fantaskycdn.com/cc69dd93b3bbee8f01abc3253a9e84bd.jpg",38.99,,22
"real-madrid-maillot-foot-third-noir-2024-2025-m5vg","Real Madrid maillot foot third noir 2024 2025","https://img.fantaskycdn.com/dd98b407fccf0db02c8941f972a131e4.jpg",32.99,,22
"newcastle-maillot-foot-rose-2026-2027","Newcastle maillot foot rose 2026 2027","https://img.fantaskycdn.com/436cd686daf031f50b1567c938a7c4b4.jpg",32.99,,22
"equipe-de-france-maillot-foot-gardien-2026-2027-manches-longues-coupe-du-monde","Équipe de France maillot foot gardien 2026 2027 Manches Longues Coupe Du Monde","https://img.fantaskycdn.com/47a227e5d5f1c8886fbddffcb6e537ea.jpg",38.99,,22
"suede-maillot-foot-2026-2027-coupe-du-monde","Suède maillot foot 2026 2027 Coupe Du Monde","https://img.fantaskycdn.com/5c913cb41816a1c8cafa94874abd36a6.jpg",32.99,,22
"grece-maillot-foot-2026-2027","Grèce maillot foot 2026 2027","https://img.fantaskycdn.com/b3a9f431d521e42fd2676f8cf44a09cc.jpg",32.99,,23
"japon-maillot-foot-2025-2026","Japon maillot foot 2025 2026","https://img.fantaskycdn.com/4fefd6231647957c5378f15aad0d4ae6.jpg",32.99,,23
"real-madrid-maillot-foot-entrainement-2026-2027-rgli","Real Madrid Maillot Foot entraînement 2026 2027","https://img.fantaskycdn.com/842527b4a8f4cdaa7310abf13a659cb7.jpg",32.99,,23
"pays-de-galles-maillot-foot-2026-2027-01h5","Pays de Galles maillot foot 2026 2027","https://img.fantaskycdn.com/da7b62c002c552e9dcd4f221d78924a0.jpg",32.99,,23
"senegal-maillot-foot-2026-2027","Sénégal maillot foot 2026 2027","https://img.fantaskycdn.com/e4f2afa0386717434d922de07bb411ee.jpg",32.99,,23
"arabie-saoudite-maillot-foot-2026-2027","Arabie Saoudite maillot foot 2026 2027","https://img.fantaskycdn.com/296b95fe1a39fa9f63da23cdb2d38898.jpg",32.99,,23
"cote-divoire-maillot-foot-2025-2026-can","Côte d'Ivoire maillot foot 2025 2026 CAN","https://img.fantaskycdn.com/ee1a96bc19e1627da5bdc1948a66ed08.jpg",32.99,,23
"maillot-foot-mexique-2025-2026-manches-longues","Maillot Foot Mexique 2025 2026 Manches Longues","https://img.fantaskycdn.com/9b00b6f696b9d2f4abd3e2b7f16863ec.jpg",38.99,,23
"bresil-maillot-foot-2026-2027-coupe-du-monde","Brésil maillot foot 2026 2027 Coupe Du Monde","https://img.fantaskycdn.com/230bad819278b592f4f71631ea104305.jpg",32.99,,23
"manchester-city-maillot-foot-third-2025-2026-1qcz","Manchester City maillot foot third 2025 2026","https://img.fantaskycdn.com/f01e35be44bd8fe4a2669622e61822c9.jpg",32.99,,23
"fc-porto-maillot-foot-2026-2027-b995","FC Porto maillot foot 2026 2027","https://img.fantaskycdn.com/07469c7f34412836442c061547d478e3.jpg",32.99,,23
"queens-park-maillot-2023-2025","Queens Park maillot 2023 2024","https://img.fantaskycdn.com/75c2581643a446ce2e67b550e2dada7f.jpeg",32.99,,23
"fc-barcelone-maillot-foot-concept","FC Barcelone Maillot Foot Concept","https://img.fantaskycdn.com/3f0f1418006ea46332b99cfeb3a46b2a.jpg",32.99,,24
"bayern-munich-maillot-foot-2025-2026-3f6w","Bayern Munich maillot foot 2025 2026","https://img.fantaskycdn.com/72fda36ad882d7c9bcea5ad873b41d5c.jpg",32.99,,24
"bayern-munich-maillot-foot-2025-2026","Bayern Munich maillot foot 2025 2026","https://img.fantaskycdn.com/61b296f2e4d8b1ca0b304975a9f895eb.jpg",32.99,,24
"colombie-maillot-foot-2026-2027-coupe-du-monde-7trx","Colombie maillot foot 2026 2027 Coupe Du Monde","https://img.fantaskycdn.com/95f30b097d450c5ad2d4ad2e909d6f03.jpg",32.99,,24
"albanie-maillot-foot-domicile-2026-2027-coupe-du-monde","Albanie Maillot Foot Domicile 2026 2027 Coupe Du Monde","https://img.fantaskycdn.com/c8d26e6ca0a44dac4197f3585b3de63b.webp",32.99,,24
"portugal-maillot-foot-domicile-2026-2027-coupe-du-monde","Portugal Maillot Foot Domicile 2026 2027 Coupe Du Monde","https://img.fantaskycdn.com/541dfa852cb1a4c131cfea1f8afea409.jpg",32.99,,24
"espagne-maillot-foot-2026-2027","Espagne maillot foot 2026 2027","https://img.fantaskycdn.com/db2829e237a81a942fecc27b7f4c2045.jpg",32.99,,24
"chelsea-maillot-foot-domicile-2025-2026","Chelsea maillot foot domicile 2025 2026","https://img.fantaskycdn.com/27853b421522eb2bf8cf3d6f747b0bc6.jpg",32.99,,24
"manchester-city-maillot-foot-domicile-2024-2025","Manchester City Maillot Foot Domicile 2024 2025","https://img.fantaskycdn.com/37120d6fa13c73c4df67aac9dc7f75be.jpg",32.99,,24
"ukraine-maillot-foot-2026-2027","Ukraine maillot foot 2026 2027","https://img.fantaskycdn.com/034e60ba6bd363b08c5ecc5979b7ee16.jpg",32.99,,24
"tigres-uanl-maillot-foot-2025-2026-3f2k","Tigres UANL maillot foot 2025 2026","https://img.fantaskycdn.com/ddce0be7612c106e838707e34c7850d9.jpg",32.99,,24
"versailles-fc-maillot-foot-2025-2026","Versailles FC maillot foot 2025 2026","https://img.fantaskycdn.com/6fc0bef6dd7aeda72f69034cef8b1754.jpg",32.99,,24
"mexique-maillot-foot-2025-2026-zsp7","Mexique maillot foot 2025 2026","https://img.fantaskycdn.com/cc48768fe8eb934f81eefdaa26c23d73.jpg",32.99,,25
"bayern-munich-maillot-foot-2025-2026-x5xn","Bayern Munich  maillot foot 2025 2026","https://img.fantaskycdn.com/b1917666baa29ee576e7e46374da7e3a.jpg",32.99,,25
"kit-enfant-manchester-city-2025-2026-b2rt","Kit Enfant Manchester City 2025 2026","https://img.fantaskycdn.com/d7ddde16e0d36bd7ad432cd82e09cf13.jpg",24.99,,25
"algerie-maillot-foot-noir-2025-2026","Algérie maillot foot noir 2025 2026","https://img.fantaskycdn.com/fc1a01ee6baa2082684847871458bf72.jpg",32.99,,25
"angleterre-maillot-foot-domicile-2026-2027-coupe-du-monde","Angleterre Maillot Foot Domicile 2026 2027 Coupe Du Monde","https://img.fantaskycdn.com/04362aa1a28040e9baa4d41499d89c16.jpg",32.99,,25
"ecosse-maillot-foot-2026-2027","Écosse maillot foot 2026 2027","https://img.fantaskycdn.com/f6661259935a5103d43c66882f51b094.jpg",32.99,,25
"short-de-football-arsenal-2025-2026-sm72","Short de Football Arsenal 2025 2026","https://img.fantaskycdn.com/c6383f367f97e14f6eee3e0fa2c89096.jpg",14.99,,25
"egypte-maillot-foot-2026-2027-squm","Égypte maillot foot 2026 2027","https://img.fantaskycdn.com/7086f2c1e483a9cc0b4637b51818bff6.jpg",32.99,,25
"maillot-san-antonio-spurs-9-parker-nba-basket","Maillot San Antonio Spurs  9 PARKER NBA Basket","https://img.fantaskycdn.com/05b7b6e98891be7fb53b2f7c346340ca.jpeg",35.99,,25
"as-roma-maillot-foot-2025-2026","AS Roma maillot foot 2025 2026","https://img.fantaskycdn.com/a9b13b106cb366e055493ebbf73227de.jpg",32.99,,25
"bresil-maillot-foot-2026-2027-ydsw","Brésil maillot foot 2026 2027","https://img.fantaskycdn.com/c3aeb87ffe038c8ec4b5fc5b14fe1b74.jpg",32.99,,25
"fc-barcelone-maillot-foot-2026-2027-sm4q","FC Barcelone maillot foot 2026 2027","https://img.fantaskycdn.com/e4869f28eb37f65640dcf39f4bea067d.jpg",32.99,,25
"como-1907-maillot-foot-2025-2026","Como 1907 maillot foot 2025 2026","https://img.fantaskycdn.com/b5c1a545dd911d1853b16c73c73614f0.jpg",32.99,,26
"argentine-maillot-foot-2026-2027-lx46","Argentine maillot foot 2026 2027","https://img.fantaskycdn.com/28c02335253bdf4a8264a048605bb8a0.jpg",32.99,,26
"flamengo-maillot-foot-2026-2027","Flamengo maillot foot 2026 2027","https://img.fantaskycdn.com/6a1d64ab1d78c02197a64d0229984c57.jpg",32.99,,26
"venezuela-maillot-foot-2026-2027-coupe-du-monde","Venezuela maillot foot 2026 2027 Coupe Du Monde","https://img.fantaskycdn.com/4c0bf73bb1b8ef091cf668f99c1e9fda.jpg",32.99,,26
"manchester-city-maillot-foot-exterieur-2025-2026","Manchester City maillot foot extérieur 2025 2026","https://img.fantaskycdn.com/4e68d7d6c8b9981c14cb191e46feeea1.jpg",32.99,,26
"italie-maillot-foot-2026-2027-71a2","Italie maillot foot 2026 2027","https://img.fantaskycdn.com/c75db121107df72731a763934f0ee0bf.jpg",32.99,,26
"maroc-maillot-foot-domicile-can-2025-2026","Maroc maillot foot domicile CAN 2025 2026","https://img.fantaskycdn.com/26f69733c7e8be3e4c23ad7e41b08322.jpg",32.99,,26
"bayern-munich-maillot-foot-gardien-2025-2026","Bayern Munich maillot foot gardien 2025 2026","https://img.fantaskycdn.com/b7fe9feed2d07f6190f247a363f56184.jpg",32.99,,26
"atletico-madrid-maillot-foot-2025-2026","Atletico Madrid maillot foot 2025 2026","https://img.fantaskycdn.com/36c5172c2de1c537cb64e57573a1a2a2.jpg",32.99,,26
"equateur-maillot-foot-2025-2026","Équateur maillot foot 2025 2026","https://img.fantaskycdn.com/c0a8096a405d57b36d943227c37082ce.jpg",32.99,,26
"short-de-football-fc-barcelone-2025-2026-rox1","Short de Football FC Barcelone 2025 2026","https://img.fantaskycdn.com/ab99ae95345fa1ee9d1db7c06fb8ada8.jpg",14.99,,26
"new-york-city-maillot-foot-domicile-2025-2026","New York City maillot foot domicile 2025 2026","https://img.fantaskycdn.com/6f3c8d5b9fda1fe01199df421b1eedc2.jpg",32.99,,26
"benfica-maillot-foot-2025-2026","Benfica maillot foot 2025 2026","https://img.fantaskycdn.com/6a9d175ad81e15673012b2ab26c0fd4f.jpg",32.99,,27
"allemagne-maillot-foot-2025-2026","Allemagne maillot foot 2025 2026","https://img.fantaskycdn.com/a196be5334b1bf170cae4698490af430.jpg",32.99,,27
"jamaique-maillot-foot-2026-2027","Jamaique Maillot Foot 2026 2027","https://img.fantaskycdn.com/95ea24b16f9da8ca8a215484263ac1d6.jpg",32.99,,27
"allemagne-maillot-foot-anniversaire-125-ans-2025-2026","Allemagne maillot foot anniversaire 125 ans 2025 2026","https://img.fantaskycdn.com/938b81f13b88b59fe3cc50408e59b56a.jpg",32.99,,27
"pays-bas-maillot-foot-domicile-coupe-du-monde-2026-2027","Pays-Bas maillot foot domicile Coupe Du Monde 2026 2027","https://img.fantaskycdn.com/dd3ed14bf65920bd1d5e1dd0b5e71570.jpg",32.99,,27
"algerie-maillot-foot-domicile-can-2025-2026-list","Algérie maillot foot domicile CAN 2025 2026","https://img.fantaskycdn.com/199f6f2101f871c31714e1a51f0b6418.jpg",32.99,,27
"venise-maillot-foot-domicile-2025-2026","Venise maillot foot domicile 2025 2026","https://img.fantaskycdn.com/06958d327a2ec00f7776c1db9349323d.jpg",32.99,,27
"lille-losc-maillot-foot-2025-2026","Lille LOSC maillot foot 2025 2026","https://img.fantaskycdn.com/99322892fea7d31abb71199b1c845dfa.jpg",32.99,,27
"short-de-football-espagne-2025-2026","Short de Football Espagne 2025 2026","https://img.fantaskycdn.com/b0c78303b37dd1b7c4604add43da50ef.jpg",14.99,,27
"maillot-foot-allemagne-2025-2026-manches-longues","Maillot Foot Allemagne 2025 2026 Manches Longues","https://img.fantaskycdn.com/4690456562a1c302ff6cd1fa11aa864f.jpg",38.99,,27
"portugal-maillot-foot-2026-2027-d6wo","Portugal maillot foot 2026 2027","https://img.fantaskycdn.com/ec44e0b036f6eec825d3c3d48a14807d.jpg",32.99,,27
"rd-congo-maillot-foot-2026-2027-c2b5","RD Congo maillot foot 2026 2027","https://img.fantaskycdn.com/f85ee21187cea4d70f4115a48d96eb20.jpg",32.99,,27
"pays-bas-maillot-foot-2026-2027","Pays Bas maillot foot 2026 2027","https://img.fantaskycdn.com/b4c377fed5708e02cd7ac5afbb16498a.jpg",32.99,,28
"sporting-portugal-maillot-foot-2025-2026-pur1","Sporting Portugal maillot foot 2025 2026","https://img.fantaskycdn.com/590915783ddc6016aa6aa2039b1a323c.jpg",32.99,,28
"short-de-football-tottenham-2025-2026-jx3p","Short de Football Tottenham 2025 2026","https://img.fantaskycdn.com/92bfcc2b315206eb83976a28d7ae09e4.jpg",14.99,,28
"short-de-football-bayern-munich-2025-2026-r7qj","Short de Football Bayern Munich 2025 2026","https://img.fantaskycdn.com/18d6d4fb16be32e296f111772167c3d7.jpg",14.99,,28
"maillot-foot-manchester-city-2025-2026-manches-longues","Maillot Foot Manchester City 2025 2026 Manches Longues","https://img.fantaskycdn.com/3103313a9c1658b348e077fa0bff0796.jpg",38.99,,28
"bresil-maillot-foot-2026-2027-manches-longues-coupe-du-monde","Brésil maillot foot 2026 2027 Manches Longues Coupe Du Monde","https://img.fantaskycdn.com/f1777e54df842b22801dc149a20624c2.jpg",38.99,,28
"espagne-maillot-foot-domicile-2025-2026","Espagne maillot foot domicile 2025 2026","https://img.fantaskycdn.com/c14e5b30dfe5972f9444640ae519bec1.jpg",32.99,,28
"emirats-arabes-unis-maillot-foot-2026-2027","Émirats Arabes Unis maillot foot 2026 2027","https://img.fantaskycdn.com/e9e3d05ce3cc3d3716c56cf15f83cc28.jpg",32.99,,28
"maroc-maillot-foot-exterieur-can-2025-2026","Maroc maillot foot extérieur CAN 2025 2026","https://img.fantaskycdn.com/6fa06bd5a74d1d24750d5870d874c63c.jpg",32.99,,28
"fc-barcelone-maillot-foot-2026-2027","FC Barcelone maillot foot 2026 2027","https://img.fantaskycdn.com/ecacb12c1eaccbf1e55507a83ebc0aee.jpg",32.99,,28
"short-de-football-arsenal-2025-2026-84n4","Short de Football Arsenal 2025 2026","https://img.fantaskycdn.com/d86ca6342e46a601ada65b99d788aeae.jpg",14.99,,28
"short-de-football-liverpool-2025-2026","Short de Football Liverpool 2025 2026","https://img.fantaskycdn.com/fe71b8169b2f28d3273f527fdc345265.jpg",14.99,,28
"qatar-maillot-foot-2026-2027","Qatar maillot foot 2026 2027","https://img.fantaskycdn.com/616417e56ae1e9dcd308370a901b8810.jpg",32.99,,29
"short-de-football-colombie-2026-2027","Short de Football Colombie 2026 2027","https://img.fantaskycdn.com/01e26326dd8f8945b23411939d271f08.jpg",14.99,,29
"fulham-maillot-foot-2025-2026","Fulham maillot foot 2025 2026","https://img.fantaskycdn.com/6a8e040841da6dbc429c3cd66486493e.jpg",32.99,,29
"algerie-maillot-foot-2026-2027","Algérie maillot foot 2026 2027","https://img.fantaskycdn.com/7b5d6dcc09b57436207861505848875f.jpg",32.99,,29
"mexique-kit-enfant-maillot-foot-2025-2026-jfvu","Mexique Kit Enfant Maillot Foot 2025 2026","https://img.fantaskycdn.com/c0cd065b9265e421a0cd0b8a2735b091.jpg",24.99,,29
"maillot-nfl-murray1-arizona-cardinals","Maillot NFL  MURRAY1 Arizona Cardinals","https://img.fantaskycdn.com/4e3b941fd1bbb3398c4007fe0f6cb2f9.png",35.99,,29
"allemagne-maillot-foot-2025-2026-euro-feminin","Allemagne maillot foot  2025 2026  Euro féminin","https://img.fantaskycdn.com/48e40393fa752c41c2667c09b3cb99e6.jpg",32.99,,29
"equateur-maillot-foot-2025-2026-rv8u","Équateur maillot foot 2025 2026","https://img.fantaskycdn.com/b500bb98b468a5398a9a463a8e155895.jpg",32.99,,29
"short-de-football-france-2026-2027","Short de Football France 2026 2027","https://img.fantaskycdn.com/822a6509f4f6f2ee9aabad1b9eba0292.jpg",14.99,,29
"napoli-maillot-foot-2025-2026-naples","Napoli maillot foot 2025 2026 Naples","https://img.fantaskycdn.com/adf05a4d2a4e3fc65f5f49db033d2f97.jpg",32.99,,29
"short-de-football-japon-2025-2026","Short de Football Japon 2025 2026","https://img.fantaskycdn.com/2a39d7d83a9c5bf8259d4216c3a8a05c.jpg",14.99,,29
"canada-maillot-foot-2025-2026","Canada maillot foot 2025 2026","https://img.fantaskycdn.com/01cbd70a2787ae255e8b54be3a32e6ce.jpg",32.99,,29
"algerie-maillot-foot-exterieur-can-2025-2026","Algérie maillot foot extérieur CAN 2025 2026","https://img.fantaskycdn.com/845b7c27f9c2d046ba4028f277c84a39.jpg",32.99,,30
"short-de-football-ol-olympique-lyonnais-2025-2026-vn1u","Short de Football OL Olympique Lyonnais 2025 2026","https://img.fantaskycdn.com/7d49203f074231b15d0c90f8368bc29e.jpg",14.99,,30
"bayern-munich-maillot-foot-2026-2027","Bayern Munich maillot foot 2026 2027","https://img.fantaskycdn.com/842ae0d79e17751ab00be5043ab336d8.jpg",32.99,,30
"mexique-kit-enfant-maillot-foot-2025-2026-q41o","Mexique Kit Enfant Maillot Foot 2025 2026","https://img.fantaskycdn.com/3d783f251e96ee111157301179591300.jpg",24.99,,30
"short-de-football-liverpool-2025-2026-6pj1","Short de Football Liverpool 2025 2026","https://img.fantaskycdn.com/5883d5a747f95463b0f4fe0df7a12c9d.jpg",14.99,,30
"monaco-maillot-foot-third-2025-2026","Monaco maillot foot third 2025 2026","https://img.fantaskycdn.com/32393cf645b98916520fd4418dca9fa7.jpg",32.99,,30
"short-de-football-real-madrid","Short de Football Real Madrid","https://img.fantaskycdn.com/593ffe01717b323112da78e0d436c9b1.jpg",14.99,,30
"napoli-naples-maillot-foot-2025-2026","Napoli Naples maillot foot 2025 2026","https://img.fantaskycdn.com/8ea16e4349a12cc6e833b25217ad1616.jpg",32.99,,30
"ecosse-maillot-foot-2026-2027-y198","Écosse maillot foot 2026 2027","https://img.fantaskycdn.com/1d55b2b9833bd9c60262d72cf9aed301.jpg",32.99,,30
"manchester-city-kit-enfant-maillot-foot-2025-2026","Manchester City Kit Enfant Maillot Foot 2025 2026","https://img.fantaskycdn.com/34de06198bc0c9c50c714d421a3d7e8d.jpg",24.99,,30
"stuttgart-maillot-foot-2026-2027-a53z","Stuttgart maillot foot 2026 2027","https://img.fantaskycdn.com/4731ea505edc3cff5b6cc2bd38c75a50.jpg",32.99,,30
"short-de-football-allemagne","Short de Football Allemagne","https://img.fantaskycdn.com/2493bc6bc6f6f08328176e9754ff7109.jpg",14.99,,30
"croatie-maillot-foot-2025-2026","Croatie maillot foot 2025 2026","https://img.fantaskycdn.com/8b3d409cbb3febf5807f31063cccf85c.jpg",32.99,,31
"maillot-san-antonio-spurs-9-parker-nba-basket-1","Maillot San Antonio Spurs  9 PARKER NBA Basket","https://img.fantaskycdn.com/00bececa2586b7bd6331f6cf67e430ff.jpeg",35.99,,31
"uruguay-maillot-foot-2026-2027","Uruguay maillot foot 2026 2027","https://img.fantaskycdn.com/408184265d2120d102b6f8f42cac016b.jpg",32.99,,31
"egypte-maillot-foot-2026-2027","Égypte maillot foot 2026 2027","https://img.fantaskycdn.com/c7257df07bad9338c826c788456ffc27.jpg",32.99,,31
"borussia-dortmund-maillot-foot-gardien-2024-2025","Borussia Dortmund maillot foot gardien 2024 2025","https://img.fantaskycdn.com/73ae82005208802481ec1e7399ef2093.jpg",32.99,,31
"borussia-dortmund-maillot-foot-2025-2026-p676","Borussia Dortmund maillot foot 2025 2026","https://img.fantaskycdn.com/a8eb7516bc04afc86b458fdada5147ca.jpg",32.99,,31
"ac-milan-maillot-foot-2026-2027","AC Milan maillot foot 2026 2027","https://img.fantaskycdn.com/94714e414c1dc4fc350705de1e67e42b.jpg",32.99,,31
"angleterre-maillot-foot-exterieur-2026-2027-coupe-du-monde","Angleterre Maillot Foot Extérieur 2026 2027 Coupe Du Monde","https://img.fantaskycdn.com/9c2a94a141f1bb56194b8317d78d3fb0.jpg",32.99,,31
"espagne-maillot-foot-entrainement-2026-2027-coupe-du-monde","Espagne Maillot Foot Entraînement 2026 2027 Coupe Du Monde","https://img.fantaskycdn.com/1549654a889c910004455957f48f0c3c.jpg",32.99,,31
"new-york-city-fc-maillot-2024-2025-exterieur","New York City FC maillot foot 2024 2025 extérieur MLS","https://img.fantaskycdn.com/c1b99782f807bc67a97459976abf6cba.png",32.99,,31
"canada-maillot-foot-2026-2027-manches-longues-coupe-du-monde","Canada maillot foot 2026 2027 Manches Longues Coupe Du Monde","https://img.fantaskycdn.com/bbf77d81685708be77a8c69eed47b9af.jpg",38.99,,31
"jamaique-maillot-foot-2026-2027-rovj","Jamaique Maillot Foot 2026 2027","https://img.fantaskycdn.com/209f8ea4bfedf34efd8fda88b9341591.jpg",32.99,,31
"mexique-maillot-foot-entrainement-2025-2026","Mexique maillot foot entraînement 2025 2026","https://img.fantaskycdn.com/7d31250157e8f57a5d278f16b7dcba9c.jpg",32.99,,32
"come-1907-maillot-foot-third-2025-2026","Come 1907 maillot foot third 2025 2026","https://img.fantaskycdn.com/51d74939edf15c5ce98683a698677430.jpg",32.99,,32
"bayern-munich-maillot-foot-2025-2026-manches-longues","Bayern Munich Maillot Foot 2025 2026 Manches Longues","https://img.fantaskycdn.com/0ddf9dc7753ff2f6ed65ce30f834052d.jpg",38.99,,32
"botafogo-maillot-foot-2025-2026","Botafogo maillot foot 2025 2026","https://img.fantaskycdn.com/e5a549008987af20bf15b6820318f1a5.jpg",32.99,,32
"suede-maillot-foot-2026-2027","Suède maillot foot 2026 2027","https://img.fantaskycdn.com/2e008c1ab5f79898ea0d7cb4793a2b4e.jpg",32.99,,32
"short-de-football-mexique-2025-2026","Short de Football Mexique 2025 2026","https://img.fantaskycdn.com/0f629a8b9f83caeed9370c254a5cf931.jpg",14.99,,32
"allemagne-kit-enfant-maillot-foot-2025-2026","Allemagne Kit Enfant Maillot Foot 2025 2026","https://img.fantaskycdn.com/9c764c1865a49a232e2c584d166114ba.jpg",24.99,,32
"allemagne-maillot-foot-2026-2027-manches-longues-coupe-du-monde","Allemagne maillot foot 2026 2027 Manches Longues  Coupe Du Monde","https://img.fantaskycdn.com/fd618e9b2c29833743c8b4511c759a8f.jpg",38.99,,32
"afrique-du-sud-maillot-foot-2026-2027-coupe-du-monde","Afrique Du Sud maillot foot 2026 2027 Coupe Du Monde","https://img.fantaskycdn.com/8332e35c9a07914a6035c3dd06ad20a0.jpg",32.99,,32
"venise-maillot-foot-exterieur-2025-2026","Venise maillot foot extérieur 2025 2026","https://img.fantaskycdn.com/0b52ce1372244ef04abd3d182328d888.jpg",32.99,,32
"maillot-foot-ajax-amsterdam-2025-2026-manches-longues","Maillot Foot AJAX Amsterdam 2025 2026 Manches Longues","https://img.fantaskycdn.com/f9c4f346603907f7f424ba48ccd2d072.jpg",38.99,,32
"manchester-city-maillot-retro-99-01","Manchester City Maillot Rétro 99/01","https://img.fantaskycdn.com/a3a30b2aec22e8210bff8b22f1415556.jpeg",32.99,,32
"australie-maillot-foot-2026-2027-coupe-du-monde","Australie maillot foot 2026 2027 Coupe Du Monde","https://img.fantaskycdn.com/2aa6a01ecda88c41e0e08e97575b59c7.jpg",32.99,,33
"athletic-bilbao-maillot-foot-2025-2026-650o","Athletic Bilbao maillot foot 2025 2026","https://img.fantaskycdn.com/79db076f3659765c6e04191e27397485.jpg",32.99,,33
"cap-vert-maillot-foot-2026-2027-qu22","Cap Vert maillot foot 2026 2027","https://img.fantaskycdn.com/c11780efd0799104c64872cf9d72c03d.jpg",32.99,,33
"stuttgart-maillot-foot-2026-2027-i7ax","Stuttgart maillot foot 2026 2027","https://img.fantaskycdn.com/8cc8e316d690413b66eeaf7f3b3dd215.jpg",32.99,,33
"newcastle-maillot-foot-domicile-2025-2026","Newcastle maillot foot domicile 2025 2026","https://img.fantaskycdn.com/6e44191d641c673b0c6a3f7ada270bad.jpg",32.99,,33
"short-de-football-as-roma-2025-2026-msgf","Short de Football AS Roma 2025 2026","https://img.fantaskycdn.com/5cebd6aac36d061425c83e20accfe9a7.jpg",14.99,,33
"flamengo-maillot-foot-2026-2027-manches-longues","Flamengo maillot foot 2026 2027 Manches Longues","https://img.fantaskycdn.com/5de4f85803874e17ab1df9be5b0c79d6.jpg",38.99,,33
"real-madrid-maillot-foot-2026-2027","Real Madrid maillot foot 2026 2027","https://img.fantaskycdn.com/680b89f0129302da76009443957cc041.jpg",32.99,,33
"mexique-maillot-foot-2025-2026-tc22","Mexique maillot foot 2025 2026","https://img.fantaskycdn.com/1ee5bfd90b4b33d4e99889d04bc2d3c1.jpg",32.99,,33
"pays-bas-maillot-foot-2026-2027-manches-longues-coupe-du-monde","Pays-Bas maillot foot 2026 2027 Manches Longues Coupe Du Monde","https://img.fantaskycdn.com/bb66cad88cabc05d16acb12b990e3f82.jpg",38.99,,33
"juventus-maillot-foot-2025-2026","Juventus maillot foot 2025 2026","https://img.fantaskycdn.com/fb382410c50d4bf33e28630c64a98afd.jpg",32.99,,33
"napoli-naples-maillot-foot-2026-2027","Napoli Naples maillot foot 2026 2027","https://img.fantaskycdn.com/59f7096dffe789240c705c5ba3f99c57.jpg",32.99,,33
"angleterre-maillot-foot-2026-2027","Angleterre maillot foot 2026 2027","https://img.fantaskycdn.com/715210dd149b7c545d9db2c4bc0b3257.jpg",32.99,,34
"manchester-city-maillot-foot-retro-2007-2008","Manchester City maillot foot rétro 2007 2008","https://img.fantaskycdn.com/171e78a2dbde237ada78811681a48739.jpeg",37.99,,34
"short-de-football-arsenal-2025-2026-ps12","Short de Football Arsenal 2025 2026","https://img.fantaskycdn.com/36f134f84f2df853c75b1bce83477e24.jpg",14.99,,34
"short-de-football-manchester-city-2025-2026-y700","Short de Football Manchester City 2025 2026","https://img.fantaskycdn.com/d72f4f01173b37697c413cdca634d78d.jpg",14.99,,34
"allemagne-maillot-foot-anniversaire-125-ans-2025-2026-14es","Allemagne maillot foot anniversaire 125 ans 2025 2026","https://img.fantaskycdn.com/106b9e8bb096a995242832fb456f1593.jpg",32.99,,34
"short-de-football-bresil-2026-2027-coupe-du-monde","Short de Football Brésil 2026 2027 Coupe Du Monde","https://img.fantaskycdn.com/6a992cd8ab8b7c884d351388ca85198d.jpg",14.99,,34
"maillot-oklahoma-city-thunder-2-gilgeous-alexander-nba-basket","Maillot Oklahoma City Thunder 3 PAUL NBA Basket","https://img.fantaskycdn.com/85ff839305d367a93414507c22c18ae7.png",35.99,,34
"pays-de-galles-maillot-foot-2026-2027","Pays de Galles maillot foot 2026 2027","https://img.fantaskycdn.com/e1fcbd0cb77407548bbe1ae9bcf85a4d.jpg",32.99,,34
"egypte-maillot-foot-exterieur-can-2025-2026","Égypte maillot foot extérieur CAN 2025 2026","https://img.fantaskycdn.com/c7257df07bad9338c826c788456ffc27.jpg",32.99,,34
"inter-milan-maillot-foot-2025-2026-70do","Inter Milan maillot foot 2025 2026","https://img.fantaskycdn.com/c5bedc6eeb882b0edfde487db0f3ecb7.jpg",32.99,,34
"australie-maillot-foot-exterieur-2026-2027-coupe-du-monde","Australie Maillot Foot Extérieur 2026 2027 Coupe Du Monde","https://img.fantaskycdn.com/2a4fc9d98fce6ac79b89284af646a25a.jpg",32.99,,34
"kit-maillot-saint-louis-2023-2024","Kit maillot St. Louis City 2023 2024","https://img.fantaskycdn.com/e505a105117153fe695125d8f7f6d147.png",32.99,,34
"colombie-maillot-foot-coupe-du-monde-2026-2027-4fbz","Colombie maillot foot Coupe Du Monde 2026 2027","https://img.fantaskycdn.com/3d096400152c99b28cb9e047a7aff859.jpg",32.99,,35
"sporting-portugal-maillot-foot-2025-2026-ukiy","Sporting Portugal maillot foot 2025 2026","https://img.fantaskycdn.com/eac8bdfc7e08c3ce09fbe68affe84fb5.jpg",32.99,,35
"short-de-football-manchester-city-2025-2026","Short de Football Manchester City 2025 2026","https://img.fantaskycdn.com/d69ef99347acf0681dc8b5768a7c87bb.jpg",14.99,,35
"maillot-oklahoma-city-thunder-13-george-nba-basket","Maillot Oklahoma City Thunder 13 GEORGE NBA Basket","https://img.fantaskycdn.com/6d89b224bef198c5f97013b6f596fe93.png",35.99,,35
"croatie-maillot-foot-croatie-2025-2026","Croatie maillot foot croatie 2025 2026","https://img.fantaskycdn.com/a7795bc4bc19584ce4457273034fd9db.jpg",32.99,,35
"napoli-maillot-foot-2025-2026-naples-r4v9","Napoli maillot foot 2025 2026 Naples","https://img.fantaskycdn.com/453ea1bc5117a165a37adbc805573017.jpg",32.99,,35
"nottingham-forrest-maillot-foot-2026-2027","Nottingham Forrest maillot foot 2026 2027","https://img.fantaskycdn.com/233fddf2110127cd7b4ebc9e092883a2.jpg",32.99,,35
"maillot-oklahoma-city-thunder-7-anthony-nba-basket","Maillot Oklahoma City Thunder 7 ANTHONY NBA Basket","https://img.fantaskycdn.com/f433ea4506efabe0d8f20fbd08bf856f.png",35.99,,35
"kit-maillot-bristol-city-2023-2024","Kit maillot Bristol City 2023 2024","https://img.fantaskycdn.com/c7511d7c631b96d4ccfd514a6dda6668.png",32.99,,35
"fc-metz-maillot-foot-2025-2026","FC Metz maillot foot 2025 2026","https://img.fantaskycdn.com/f94f7cc47e28f1553a09ad3533b69743.jpg",32.99,,35
"tenerife-maillot-foot-third-2025-2026","Tenerife maillot foot third 2025 2026","https://img.fantaskycdn.com/502ecf7847656429ae2d164f4d8537b3.jpg",32.99,,35
"maillot-san-antonio-spurs-9-parker-nba-basket-3","Maillot San Antonio Spurs 9 PARKER NBA Basket","https://img.fantaskycdn.com/c0dfcae9268d5d63d71e2e04f97bb05c.jpeg",35.99,,35
"cap-vert-maillot-foot-2026-2027","Cap Vert maillot foot 2026 2027","https://img.fantaskycdn.com/52ff9739854b17a70806faefd7a7d9f7.jpg",32.99,,36
"bayern-munich-maillot-foot-2025-2026-qaeo","Bayern Munich maillot foot 2025 2026","https://img.fantaskycdn.com/2143501fedab5b62adebf8e2e880163b.jpg",32.99,,36
"mexique-maillot-foot-2026-2027-manches-longues-coupe-du-monde","Mexique maillot foot 2026 2027 Manches Longues Coupe Du Monde","https://img.fantaskycdn.com/6d454cc89d64585fe400dc085908ef58.jpg",38.99,,36
"colombie-maillot-foot-2026-2027-manches-longues","Colombie maillot foot 2026 2027 Manches Longues","https://img.fantaskycdn.com/99c3ec4f65424791828d60dbbc0bdc6c.jpg",38.99,,36
"benfica-maillot-foot-2026-2027-concept-r35c","Benfica maillot foot 2026 2027 concept","https://img.fantaskycdn.com/37292f8581e5e75e0d7d530e4559dd95.jpg",32.99,,36
"maillot-oklahoma-city-thunder-7-holmgren-nba-basket","Maillot Oklahoma City Thunder 7 HOLMGREN NBA Basket","https://img.fantaskycdn.com/ce67149f65d5e50e94371e8aea49f535.jpg",35.99,,36
"hongrie-maillot-foot-exterieur-2026-2027-coupe-du-monde","Hongrie maillot foot extérieur 2026 2027 Coupe Du Monde","https://img.fantaskycdn.com/30050129a262d8e3dabef116feb7f005.jpg",32.99,,36
"maillot-oklahoma-city-thunder-0-westbrook-nba-basket","Maillot Oklahoma City Thunder 0 WESTBROOK NBA Basket","https://img.fantaskycdn.com/eb5aef70c8cac57bf0194b86a265488b.png",35.99,,36
"maillot-san-antonio-spurs-9-parker-nba-basket-2","Maillot San Antonio Spurs 9 PARKER NBA Basket","https://img.fantaskycdn.com/4deb5a470bb6056c24e255040918eb4f.jpeg",35.99,,36
"maillot-san-antonio-spurs-9-parker-nba-basket-j1db","Maillot San Antonio Spurs 9 PARKER NBA Basket","https://img.fantaskycdn.com/9e6e17adab2e624a188efdbd53a2a2fa.jpg",35.99,,36
"bayern-munich-maillot-foot-2025-2026-v8mq","Bayern Munich maillot foot 2025 2026","https://img.fantaskycdn.com/9f82cc34fb5bbec6c396b5808f3b4b6a.jpg",32.99,,36
"galatasaray-maillot-foot-2026-2027-manches-longues-13fp","Galatasaray maillot foot 2026 2027 Manches Longues","https://img.fantaskycdn.com/cff5c263483ea11cf851ee82c9d7d899.jpg",38.99,,36
"usa-etats-unis-maillot-foot-2026-2027-manches-longues","USA États-Unis maillot foot 2026 2027 Manches Longues","https://img.fantaskycdn.com/d94f2017837e9feed8d3c98198186e0c.jpg",38.99,,37
"real-madrid-maillot-foot-2026-2027-s81m","Real Madrid maillot foot 2026 2027","https://img.fantaskycdn.com/1b650f285672066bbe44882e4ec5813b.jpg",32.99,,37
"portugal-maillot-foot-2026-2027-manches-longues","Portugal maillot foot 2026 2027 Manches Longues","https://img.fantaskycdn.com/7111d9748cf22bd88c0b11e7e94a14ee.jpg",38.99,,37
"egypte-maillot-foot-domicile-can-2025-2026","Égypte maillot foot domicile CAN 2025 2026","https://img.fantaskycdn.com/7086f2c1e483a9cc0b4637b51818bff6.jpg",32.99,,37
"bresil-maillot-foot-2026-2027-gardien-coupe-du-monde","Brésil maillot foot 2026 2027 gardien Coupe Du Monde","https://img.fantaskycdn.com/c19333d7cf28b6a205dd052c6a8b1b40.jpg",32.99,,37
"new-york-city-fc-maillot-foot-2024-2025-mls","New York City FC maillot foot 2024 2025 MLS","https://img.fantaskycdn.com/48d202248aa303ea3ec23f3e184cde01.png",32.99,,37
"sporting-club-maillot-foot-2025-2026","Sporting Club maillot foot 2025 2026","https://img.fantaskycdn.com/682cf02c2f59b26680dfa2eca6bcceca.jpg",32.99,,37
"queens-park-maillot-2023-2024","Queens Park maillot 2023 2024","https://img.fantaskycdn.com/0ff0670350f6830153612e18d52fc764.jpeg",32.99,,37
"mexique-maillot-foot-2025-2026-x5sj","Mexique maillot foot 2025 2026","https://img.fantaskycdn.com/6bed3567087a210fab3406e82f3f3744.jpg",32.99,,37
"fc-porto-maillot-foot-2026-2027-j3my","FC Porto Maillot Foot 2026 2027","https://img.fantaskycdn.com/9a65288fa61f0ba6c1cdb1cab8b1f683.jpg",32.99,,37
"short-de-football-italie-2025-2026","Short de Football Italie 2025 2026","https://img.fantaskycdn.com/d07887bb2cce56bdfc3de160cbc24177.jpg",14.99,,37
"belgique-maillot-foot-2026-2027","Belgique maillot foot 2026 2027","https://img.fantaskycdn.com/55d162020e3c621087d054acf9fc2e10.jpg",32.99,,37
"fluminense-maillot-foot-2026-2027","Fluminense maillot foot 2026 2027","https://img.fantaskycdn.com/8b7038694992e50a7079a203066b97dc.jpg",32.99,,38
"mali-maillot-foot-exterieur-2026-2027","Mali Maillot Foot Extérieur 2026 2027","https://img.fantaskycdn.com/e0b50afce654d20d81700725cd4b83b4.jpg",32.99,,38
"parma-calcio-maillot-foot-domicile-2025-2026","Parma Calcio maillot foot domicile 2025 2026","https://img.fantaskycdn.com/4be46fb4e69b0cc30b5f9aaec3ad07a1.jpg",32.99,,38
"galatasaray-maillot-foot-2026-2027-manches-longues","Galatasaray maillot foot 2026 2027 Manches Longues","https://img.fantaskycdn.com/919687520b198197846dbc11d9c4adf7.jpg",38.99,,38
"short-de-football-bresil-2026-2027-coupe-du-monde-q07v","Short de Football Brésil 2026 2027 Coupe Du Monde","https://img.fantaskycdn.com/089b5add3b76b3016febae822c7cc4f2.jpg",14.99,,38
"short-de-football-ac-milan-2025-2026-ucp4","Short de Football AC Milan 2025 2026","https://img.fantaskycdn.com/36d977d9f8c036b8757d33ea7d11f3bc.jpg",14.99,,38
"short-de-football-manchester-city-2025-2026-p6t6","Short de Football Manchester City 2025 2026","https://img.fantaskycdn.com/c4de1f7dd0ffa37ba1249b06f53e31af.jpg",14.99,,38
"benfica-maillot-foot-2026-2027","Benfica maillot foot 2026 2027","https://img.fantaskycdn.com/87c316197e03f8e84ac04633293dabd1.jpg",32.99,,38
"allemagne-maillot-foot-2026-2027-manches-longues","Allemagne maillot foot 2026 2027 Manches Longues","https://img.fantaskycdn.com/34fd99b9e4bee390dd1092b91c19703b.jpg",38.99,,38
"allemagne-maillot-foot-2025-2026-manches-longues-jipe","Allemagne maillot foot 2025 2026 Manches Longues","https://img.fantaskycdn.com/2731846f43b39e2774ffffd321185595.jpg",38.99,,38
"orlando-maillot-foot-domicile-2026-2027","Orlando maillot foot domicile 2026 2027","https://img.fantaskycdn.com/38c77ea1df5b75011f36bfc0af8e2d68.jpg",32.99,,38
"ac-milan-maillot-foot-2026-2027-manches-longues-fourth","AC Milan maillot foot 2026 2027 Manches Longues Fourth","https://img.fantaskycdn.com/9f8c60738c33fab8efb7a8da317a136e.jpg",38.99,,38
"mexique-maillot-foot-2026-2027-manches-longues","Mexique maillot foot 2026 2027 Manches Longues","https://img.fantaskycdn.com/0e7c7ed286b13f4982b9b33457b14b59.jpg",38.99,,39
"short-de-football-argentine-2026-2027-ixy9","Short de Football Argentine 2026 2027","https://img.fantaskycdn.com/ac244fba4fd3d905c07ee4690d00e715.jpg",14.99,,39
"argentine-maillot-foot-2026-2027-entrainement-coupe-du-monde","Argentine maillot foot 2026 2027 entraînement Coupe Du Monde","https://img.fantaskycdn.com/ac9089726cc2d4102e61d49449a5acb4.jpg",32.99,,39
"bayern-munich-maillot-foot-domicile-2025-2026","Bayern Munich maillot foot domicile 2025 2026","https://img.fantaskycdn.com/071a487d7eefc7718f2c89f8647c5a36.jpg",32.99,,39
"kit-maillot-bristol-city-2023-2025","Kit maillot Bristol City 2023 2024","https://img.fantaskycdn.com/acc0bfa624573971a1421335ef8bb38a.png",32.99,,39
"ghana-maillot-foot-domicile-2026-2027-coupe-du-monde","Ghana Maillot Foot Domicile 2026 2027 Coupe Du Monde","https://img.fantaskycdn.com/f6a99f805d10a68e62613625e5fce01a.jpg",32.99,,39
"irlande-du-nord-maillot-foot-2026-2027","Irlande du Nord maillot foot 2026 2027","https://img.fantaskycdn.com/8b3501d0f321974f6c8ba066dbe683ab.jpg",32.99,,39
"maillot-oklahoma-city-thunder-7-nholmgren-basket","Maillot Oklahoma City Thunder 7 NHOLMGREN Basket","https://img.fantaskycdn.com/daeaa1269f63417f8267c2df2c27457d.jpg",35.99,,39
"short-de-football-portugal-2026-2027-coupe-du-monde","Short de Football Portugal 2026 2027 Coupe Du Monde","https://img.fantaskycdn.com/30e211f66d86f39f7fac803f2d7aa958.jpg",14.99,,39
"colombie-maillot-foot-coupe-du-monde-2026-2027","Colombie maillot foot Coupe Du Monde 2026 2027","https://img.fantaskycdn.com/25d717421eaaaf88b2b1ba0887facb84.jpg",32.99,,39
"monaco-maillot-foot-2025-2026","Monaco maillot foot 2025 2026","https://img.fantaskycdn.com/2bd86e95cf6a43f7c340ff7d209ea977.jpg",32.99,,39
"perou-maillot-foot-exterieur-2026-2027","Pérou maillot foot extérieur 2026 2027","https://img.fantaskycdn.com/96cc521763f7dc921c8b06f2e98867d8.jpg",32.99,,39
"bayern-munich-maillot-foot-2025-2026-wdzu","Bayern Munich maillot foot 2025 2026","https://img.fantaskycdn.com/6d795272c25cb1493b169c3cb23c25b8.jpg",32.99,,40
"allemagne-kit-enfant-maillot-foot-2025-2026-vzsw","Allemagne Kit Enfant Maillot Foot 2025 2026","https://img.fantaskycdn.com/7413bbb5da86945da7f9b14783c09318.jpg",24.99,,40
"short-de-football-portugal-2025-2026-rtzq","Short de Football Portugal 2025 2026","https://img.fantaskycdn.com/30e211f66d86f39f7fac803f2d7aa958.jpg",14.99,,40
"japon-maillot-foot-2026-2027-r3kk","Japon maillot foot 2026 2027","https://img.fantaskycdn.com/bd8b0e2b38dfeef507ad212d034ac889.jpg",32.99,,40
"manchester-city-maillot-foot-third-2025-2026","Manchester City maillot foot third 2025 2026","https://img.fantaskycdn.com/73f9fe48f4527d50a871ae7dad9e0a62.jpg",32.99,,40
"real-madrid-maillot-foot-entrainement-2026-2027-bfx8","Real Madrid Maillot Foot entraînement 2026 2027","https://img.fantaskycdn.com/23733f6dae838a03b33788cb7159a50d.jpg",32.99,,40
"etats-unis-usa-maillot-foot-2026-2027-coupe-du-monde","États-Unis USA maillot foot 2026 2027 Coupe Du Monde","https://img.fantaskycdn.com/ce3de05e026b814a52528ae682f9edaa.jpg",32.99,,40
"espagne-maillot-foot-2026-2027-kwwb","Espagne maillot foot 2026 2027","https://img.fantaskycdn.com/c0b2c6fe4bca2a656976d805981f23c5.jpg",32.99,,40
"athletic-bilbao-maillot-foot-2025-2026","Athletic Bilbao maillot foot 2025 2026","https://img.fantaskycdn.com/be7838f69de67a1963469d8559594017.jpg",32.99,,40
"short-de-football-algerie-2026-2027-coupe-du-monde","Short de Football Algérie 2026 2027 Coupe Du Monde","https://img.fantaskycdn.com/040e6df80a655c4c17e6015626fa4a1b.jpg",14.99,,40
"mexique-kit-enfant-maillot-foot-2025-2026","Mexique Kit Enfant Maillot Foot 2025 2026","https://img.fantaskycdn.com/559e1ee3a4c5c23d21de7ae6abe4a80d.jpg",24.99,,40
"vasco-de-gama-maillot-foot-2026-2027-exterieur-coupe-du-monde","Vasco De Gama maillot foot 2026 2027 Extérieur Coupe Du Monde","https://img.fantaskycdn.com/7911fafc065a11881fa6e94af590b9f2.jpg",32.99,,40
"croatie-maillot-foot-domicile-2026-2027-coupe-du-monde","Croatie maillot foot domicile 2026 2027 Coupe Du Monde","https://img.fantaskycdn.com/5435c1da2ca7d87a512c18448ef7325c.jpg",32.99,,41
"ajax-amsterdam-maillot-foot-anniversaire-2025-2026","AJAX Amsterdam maillot foot anniversaire 2025 2026","https://img.fantaskycdn.com/400f3f999d4105954c816ca24e0119d8.jpg",32.99,,41
"manchester-city-maillot-retro-94-96","Manchester City Maillot Rétro 94/96","https://img.fantaskycdn.com/bc87f642ce8094de467c2518770905aa.jpeg",32.99,,41
"manchester-city-maillot-retro-1997-1998","Manchester City Maillot Rétro 1997 1998","https://img.fantaskycdn.com/ebfca5ef243baedd66370aa4b91b82ce.jpeg",32.99,,41
"pays-de-galles-maillot-foot-2026-2027-5wxl","Pays De Galles maillot foot 2026 2027","https://img.fantaskycdn.com/ad28170b2c6cb1714d8e02cfc60d8383.jpg",32.99,,41
"borussia-dortmund-maillot-foot-domicile-2026-2027","Borussia Dortmund Maillot Foot Domicile 2026 2027","https://img.fantaskycdn.com/b8f1664416fb90e2d183c8ae2e1e0801.jpg",32.99,,41
"norvege-maillot-foot-2026-2027-coupe-du-monde","Norvège maillot foot 2026 2027 Coupe Du Monde","https://img.fantaskycdn.com/5735da9298f94cee87582f97d6bf3c2f.jpg",32.99,,41
"short-de-football-manchester-united-2025-2026-gqyq","Short de Football Manchester United 2025 2026","https://img.fantaskycdn.com/ae2b63b4c4e76cc4751322a86cfeb253.jpg",14.99,,41
"angleterre-maillot-foot-2026-2027-coupe-du-monde","Angleterre maillot foot 2026 2027 Coupe Du Monde","https://img.fantaskycdn.com/95d2b304bf155c4978b1c69e653f0c2f.jpg",32.99,,41
"palmeiras-maillot-foot-exterieur-2026-2027","Palmeiras Maillot Foot extérieur 2026 2027","https://img.fantaskycdn.com/75481732b8cb7d986027ca63ea28ad96.jpg",32.99,,41
"real-madrid-maillot-foot-entrainement-2026-2027","Real Madrid Maillot Foot entraînement 2026 2027","https://img.fantaskycdn.com/7d5cb36ecdf31b5ab5f13259bd4fc1d5.jpg",32.99,,41
"short-de-football-juventus-2026-2027","Short de Football Juventus 2026 2027","https://img.fantaskycdn.com/1610169fd16788dc27cab8b3e68a35d2.png",14.99,,41
"usa-etats-unis-maillot-foot-2026-2027-exterieur-coupe-du-monde","USA États-Unis maillot foot 2026 2027 extérieur Coupe Du Monde","https://img.fantaskycdn.com/dd413d34c943a500622be6d483bade6a.jpg",32.99,,42
"short-de-football-manchester-united-2025-2026-6vu9","Short de Football Manchester United 2025 2026","https://img.fantaskycdn.com/677b607cae3b9d34517e345974a729a6.jpg",14.99,,42
"palestine-maillot-foot-exterieur-2025-2026","Palestine maillot foot extérieur 2025 2026","https://img.fantaskycdn.com/749070edc9afc43543f1292ef04282b5.jpg",32.99,,42
"paraguay-maillot-foot-exterieur-2026-2027","Paraguay maillot foot extérieur 2026 2027","https://img.fantaskycdn.com/1fd160b6f65a5103e4be2ee89cfe8fc0.jpg",32.99,,42
"canada-maillot-foot-2026-2027-domicile-coupe-du-monde","Canada maillot foot 2026 2027 Domicile Coupe Du Monde","https://img.fantaskycdn.com/9bc748d0fd7ebb38c32d7a7ebd12a779.jpg",32.99,,42
"short-de-football-colombie-2026-2027-coupe-du-monde","Short de Football Colombie 2026 2027 Coupe Du Monde","https://img.fantaskycdn.com/cc34f8548773eb985a0b8480939ab937.jpg",14.99,,42
"paraguay-maillot-foot-domicile-2026-2027","Paraguay maillot foot domicile 2026 2027","https://img.fantaskycdn.com/96cc521763f7dc921c8b06f2e98867d8.jpg",32.99,,42
"afrique-du-sud-maillot-foot-2026-2027-coupe-du-monde-rs6g","Afrique Du Sud maillot foot 2026 2027 Coupe Du Monde","https://img.fantaskycdn.com/51991ac44a0797633658e218bb929342.jpg",32.99,,42